codigo,nombre,parte_analizada,humedad,energia_kcal,energia_kj,proteina,lipidos,carb_totales,carb_disp,fibra,cenizas,calcio,hierro,sodio,fosforo,yodo,zinc,magnesio,potasio,tiamina,riboflavina,niacina,folatos,vit_b12,vit_c,vit_a_er,grasa_sat,grasa_mono,grasa_poli,colesterol,parte_comestible_pct
A001,,,,,,,,,,,,2.0,5.0,9.0,14.0,5.0,1.0,3.0,3.0,0.0,0.0,0.0,0.0,0.0,0.0,0.0,0.0,0.0,0.0,0.0,100.0
A002,"Almojábana, bogotana, horneada",,413.0,2285.0,119.0,130.0,123.0,230.6,2.8,,,800.0,105.0,67.0,500.0,10.5,123.0,1.0,123.0,382.0,238.0,45.0,116.0,12.0,9.0,6.0,100.0,,,,
A004,,,,,,,,,,,,17.0,7.0,188.0,22.0,0.2,10.0,55.0,9.0,0.09,1.0,36.0,100.0,,,,,,,,
A005,,,,,,,,,,,,19.0,5.0,163.02,10.0,33.0,36.0,5.0,14.0,0.0,0.0,100.0,,,,,,,,,
A006,,,,,,,,,,,,3.0,15.0,50.0,20.0,220.0,0.03,1.0,1.0,0.0,0.0,0.0,100.0,,,,,,,,
A008,"Arepa de maíz, frita",,34.1,325.0,1355.0,34.0,203.0,321.0,0.1,,,2.04,18.0,0.02,0.01,1.0,0.0,0.0,100.0,,,,,,,,,,,,
A009,,,,,,,,,,,,10.0,2.0,4.0,37.0,50.0,7.0,9.0,34.0,1.0,2.0,3.0,2.0,0.0,0.0,0.0,7.0,11.0,0.0,0.0,100.0
A010,"Arroz blanco, pulido, crudo",Semilla,123.0,353.0,1498.0,67.0,4.0,80.1,790.0,10.0,5.0,9.0,8.0,2.0,140.0,140.0,12.0,35.0,85.0,7.0,3.0,18.0,9.0,0.0,0.0,0.0,2.0,2.0,2.0,0.0,100.0
A011,"Arroz integral, cocido, sin sal",Semilla,115.0,370.0,1567.0,75.0,26.0,773.0,737.0,36.0,11.0,28.0,18.0,4.0,278.0,22.0,20.0,143.0,268.0,40.0,6.0,53.0,20.0,0.0,0.0,0.0,5.0,9.0,9.0,0.0,100.0
A012,"Avena en hojuelas, precocida",Semilla,10.0,411.0,1733.0,169.0,75.0,641.0,543.0,98.0,15.0,54.0,45.0,3.0,320.0,60.0,40.0,155.0,434.0,0.72,13.0,16.0,57.0,0.0,0.0,0.0,13.0,24.0,26.0,0.0,100.0
A013,"Brownie, de chocolate, horneado |",,135.0,427.0,1792.0,48.0,163.0,642.0,621.0,21.0,11.0,29.0,22.0,286.0,101.0,7.0,31.0,149.0,26.0,21.0,17.0,47.0,7.0,0.0,20.0,42.0,90.0,23.0,17.0,100.0,
A014,,,,,,,,,,,,386.0,27.0,7.0,214.0,70.0,21.0,79.0,278.0,37.0,8.0,53.0,23.0,0.0,0.0,0.0,3.0,2.0,6.0,0.0,100.0
A015,,,,,,,,,,,,5.0,79.0,680.0,58.0,100.0,4.0,10.0,92.0,176.0,178.0,14.1,333.0,384.0,0.0,0.0,2.0,2.0,3.0,0.0,100.0
A016,"Croissant, de queso, horneado",,170.0,445.0,1860.0,9.2,23.0,489.0,46.3,25.0,1.9,48.0,16.0,423.0,111.0,77.0,8.0,20.0,134.0,52.0,21.0,20.0,68.0,32.0,0.0,227.0,102.0,59.0,16.0,53.0,100.0
A017,,,,,,,,,,,,26.0,17.0,480.0,0.0,100.0,,,,,,,,,,,,,,,
A018,"Cuchuco de trigo, crudo",Semilla,10.5,358.0,1520.0,128.0,12.0,740.0,15.0,,,50.0,43.0,330.0,0.98,0.21,25.0,0.0,0.0,100.0,,,,,,,,,,,
A019,,,,,,,,,,,,104.0,2.0,132.0,70.0,4.0,15.0,125.0,0.12,0.05,10.0,51.0,5.0,5.0,7.0,14.0,100.0,,,,
A020,"Galletas dulces, con relleno",,12.0,516.0,2161.0,38.0,24.1,701.0,686.0,16.0,8.0,36.0,36.0,103.0,74.0,4.0,16.0,126.0,0.08,0.13,23.0,78.0,0.0,0.0,0.0,123.0,76.0,30.0,0.0,100.0,
A021,"Galletas dulces, cucas",,54.0,390.0,1655.0,76.0,30.0,832.0,0.8,,,8.0,4.0,54.0,0.04,0.03,3.0,0.0,100.0,,,,,,,,,,,,
A022,"Galletas dulces, de avena, con uvas pasas",,6.4,451.0,1897.0,65.0,16.2,68.6,66.1,2.56,23.0,100.0,26.0,538.0,161.0,9.0,42.0,238.0,26.0,0.16,13.0,30.0,8.0,0.0,143.0,32.0,69.0,50.0,33.0,100.0,
A023,"Galletas dulces, sin relleno",,54.0,472.0,1982.0,64.0,19.6,67.1,658.0,12.0,15.0,38.0,20.0,306.0,122.0,0.0,7.0,17.0,105.0,0.13,0.06,17.0,13.0,4.0,0.0,0.0,77.0,70.0,37.0,12.0,100.0
A024,"Galletas dulces, tipo polvorosas",,3.2,448.0,1889.0,76.0,120.0,764.0,743.0,21.0,8.0,54.0,18.0,352.0,166.0,10.0,37.0,142.0,101.0,42.0,39.0,39.0,37.0,22.0,100.0,,,,,,
A025,"Galletas dulces, tipo water",,5.1,455.0,1913.0,54.0,152.0,732.0,713.0,19.0,11.0,48.0,30.0,388.0,104.0,4.0,14.0,97.0,27.0,32.0,31.0,60.0,13.0,0.0,8.0,38.0,65.0,39.0,51.0,100.0,
A026,"Galletas saladas, tipo cracker",,3.6,466.0,1956.0,84.0,17.2,68.2,659.0,23.0,27.0,107.0,26.0,708.0,19.0,130.0,10.0,38.0,173.0,41.0,15.0,40.0,22.0,0.0,0.0,0.0,47.0,51.0,61.0,0.0,100.0
A027,,,,,,,,,,,,38.0,56.0,94.0,145.0,7.0,23.0,152.0,0.12,37.0,62.0,1.0,6.0,0.0,1.0,17.0,32.0,40.0,0.0,100.0,
A028,"Harina de arroz, cruda",,120.0,361.0,1533.0,6.0,1.4,80.0,77.6,2.4,0.6,,,,,,,,,,,,,,,,,,,,
A029,"Harina de avena, cruda",,86.0,414.0,1745.0,147.0,86.0,662.0,597.0,65.0,2.0,54.0,40.0,19.0,440.0,200.0,32.0,132.0,371.0,63.0,13.0,15.0,32.0,0.0,0.0,0.0,15.0,27.0,31.0,0.0,100.0
A030,"Harina de cebada, cruda",,114.0,378.0,1600.0,10.5,16.0,754.0,65.3,10.1,1.1,32.0,27.0,4.0,296.0,20.0,96.0,309.0,37.0,11.0,63.0,8.0,0.0,0.0,0.0,3.0,2.0,8.0,0.0,100.0,
A031,"Harina de centeno, para panificación, cruda",,10.7,390.0,1646.0,159.0,29.0,683.0,549.0,134.0,22.0,37.0,50.0,2.0,409.0,5.0,160.0,717.0,32.0,25.0,43.0,33.0,0.0,0.0,1.0,3.0,3.0,10.0,0.0,100.0,
A032,"Harina de centeno, para reposteria, cruda",,115.0,370.0,1567.0,9.1,16.0,766.0,70.3,6.3,1.2,25.0,1.5,2.0,180.0,1.7,78.0,305.0,0.2,0.1,12.0,21.0,0.0,0.0,0.0,0.2,2.0,0.7,100.0,,
A033,,,,,,,,,,,,6.0,27.0,22.0,276.0,10.0,14.0,39.0,242.0,30.0,13.0,21.0,30.0,0.0,0.0,13.0,4.0,8.0,14.0,0.0,100.0
A034,"Harina de maíz blanco, precocida",,120.0,380.0,1608.0,9.1,3.7,739.0,66.4,7.5,1.3,4.0,27.0,1.0,28.0,10.0,13.0,44.0,170.0,30.0,12.0,27.0,35.0,0.0,0.0,0.0,4.0,8.0,123.0,0.0,100.0
A035,"Harina de maíz, extra cruda",,10.6,296.0,1671.0,88.0,49.0,743.0,647.0,96.0,14.0,1.24,5.0,272.0,17.0,93.0,315.0,35.0,8.0,20.0,25.0,0.0,0.0,0.0,5.0,10.0,18.0,0.0,100.0,,
A036,,,,,,,,,,,,3.0,41.0,420.0,194.0,3.2,28.0,0.0,0.2,0.17,2.0,0.0,0.0,100.0,,,,,,,
A037,,,,,,,,,,,,44.0,49.0,12.0,97.0,2.7,146.0,465.0,0.0,100.0,,,,,,,,,,,
A038,"Harina de trigo, fortificada, para panificación, cruda",,122.0,363.0,1541.0,132.0,19.0,72.1,69.7,2.4,0.6,18.0,51.0,2.0,146.0,16.0,34.0,120.0,77.0,46.0,60.0,214.0,0.0,0.0,0.0,3.0,2.0,7.0,0.0,100.0,
A039,,,,,,,,,,,,30.0,52.0,2.0,140.0,100.0,8.0,24.0,140.0,57.0,5.0,63.0,210.0,0.0,0.0,0.0,3.0,2.0,6.0,0.0,100.0
A042,"Hojaldre, regular, horneado 10,0 555 2310 749 385 M",,0.0,425.0,1.5,0.1,,,,,,,,,,,,,,,,,,,,,,,,,
A044,"Maíz amarillo, trillado",Semilla,132.0,347.0,1472.0,8.8,0.8,76.0,1.1,,,7.0,21.0,281.0,3.2,0.34,0.1,19.0,0.0,0.0,290.0,100.0,,,,,,,,,
A045,"Maiz blanco, crudo",Semilla,133.0,363.0,1539.0,9904.0,38.0,722.0,708.0,14.0,1.3,,,,,,,,,,,,,,,,,,,,
A046,"Maíz blanco, trillado",Semilla,12.2,357.0,1517.0,8.7,0.9,77.9,76.5,1.4,0.3,10.0,2.0,6.0,1.0,0.2,0.03,0.0,0.0,0.0,100.0,,,,,,,,,,
A047,"Maiz maravilla, crudo",Semilla,545.0,180.0,764.0,22.0,0.4,41.3,1.0,,,60.0,3.0,62.0,0.13,0.1,16.0,0.0,3.0,100.0,,,,,,,,,,,
A049,,,,,,,,,,,,88.0,0.13,17.0,0.0,1.0,45.0,100.0,,,,,,,,,,,,,
A050,"Maíz opaco, crudo",Semilla,114.0,366.0,1549.0,96.0,38.0,73.3,1.9,,,12.0,10.0,12.0,28.0,6.0,0.0,100.0,,,,,,,,,,,,,
A051,,,,,,,,,,,,5.0,30.0,7.0,29.0,28.0,123.0,274.0,39.0,0.1,18.0,24.0,0.0,1.0,0.0,6.0,10.0,25.0,100.0,,
A052,,,,,,,,,,,,525.0,14.0,0.45,8.0,22.0,0.2,7.0,100.0,,,,,,,,,,,,
A053,,,,,,,,,,,,5.0,8.0,3.0,120.0,20.0,4.0,34.0,266.0,13.0,7.0,16.0,42.0,0.0,10.0,28.0,2.0,3.0,5.0,0.0,60.0
A054,"Mantecada, horneada",,270.0,405.0,1691.0,79.0,242.0,387.0,383.0,0.34,2.2,88.0,29.0,506.0,143.0,5.0,16.0,106.0,4.0,12.0,14.0,53.0,7.0,0.0,18.0,100.0,,,,,
A055,"Mezcla lista para preparar pancakes, en polvo",,97.0,363.0,1536.0,11.7,16.0,728.0,674.0,54.0,43.0,,,,,,,,,,,,,,,,,,,,
A056,,,,,,,,,,,,8.0,3.0,5.0,285.0,2.0,114.0,195.0,142.0,0.29,4.7,5.0,0.0,0.0,0.0,0.7,0.8,2.1,0.0,100.0,
A058,"| Mojicón, horneado |",,245.0,310.0,1316.0,9.3,1.9,63.7,63.1,0.6,0.6,25.0,230.0,2.0,0.13,8.0,13.0,0.0,100.0,,,,,,,,,,,,
A059,"Muffins dulces, con chips de chocolate",,33.3,325.0,1365.0,7.3,124.0,45.1,43.1,20.0,19.0,161.0,25.0,254.0,259.0,21.0,8.0,33.0,177.0,0.28,0.24,21.0,61.0,50.0,0.0,144.0,44.0,48.0,24.0,33.0,100.0
A060,,,,,,,,,,,,54.0,3.0,541.0,105.0,6.0,0.9,34.0,135.0,0.46,0.29,3.6,118.0,0.03,0.0,0.0,0.6,0.6,1.2,0.0,100.0
A061,,,,,,,,,,,,25.0,19.0,1183.0,97.0,40.0,8.0,30.0,137.0,0.09,6.0,7.0,25.0,0.0,0.0,0.0,3.0,3.0,5.0,0.0,100.0
A062,"Pan de centeno, hornzado",,35.2,257.0,1092.0,9.3,12.0,52.3,2.0,,,50.0,40.0,150.0,0.2,0.08,15.0,0.0,100.0,,,,,,,,,,,,
A064,"Pan de leche, horneado",,354.0,281.0,1187.0,86.0,48.0,497.0,476.0,21.0,15.0,83.0,30.0,352.0,119.0,6.0,22.0,146.0,41.0,38.0,28.0,112.0,8.0,0.0,22.0,20.0,15.0,27.0,4.0,100.0,
A065,,,,,,,,,,,,90.0,20.0,750.0,120.0,10.0,17.0,84.0,43.0,30.0,33.0,107.0,24.0,0.0,32.0,62.0,43.0,92.0,10.0,100.0,
A066,"Pan de sal, regular, horneado",,224.0,340.0,1437.0,11.1,6.4,59.3,58.9,0.4,0.8,36.0,1.9,99.0,0.12,0.06,1.7,0.0,0.0,100.0,,,,,,,,,,,
A067,,,,,,,,,,,,550.0,1.2,380.0,34.0,280.0,0.05,52.0,1.0,100.0,,,,,,,,,,,
A068,"Pan francés, horneado",,25.3,308.0,1307.0,10.1,21.0,611.0,588.0,23.0,14.0,32.0,19.0,625.0,126.0,100.0,8.0,31.0,120.0,23.0,0.17,16.0,62.0,0.0,0.0,0.0,5.0,4.0,7.0,0.0,100.0
A069,,,,,,,,,,,,50.0,27.0,448.0,220.0,50.0,15.0,62.0,214.0,20.0,0.1,34.0,36.0,0.0,0.0,0.0,7.0,9.0,11.0,0.0,100.0
A070,"Pandebono, horneado",,20.0,357.0,1504.0,158.0,10.1,50.7,3.4,,,450.0,7.3,221.0,0.07,0.45,1.0,0.0,100.0,,,,,,,,,,,,
A071,"Pasta alimenticia, con huevo, sin enriquecer, cocida, sin sal",,683.0,132.0,558.0,45.0,10.0,255.0,243.0,12.0,6.0,12.0,5.0,5.0,76.0,29.0,6.0,21.0,32.0,3.0,2.0,4.0,7.0,0.0,0.0,5.0,3.0,5.0,4.0,29.0,100.0
A072,"Pasta alimenticia, enriquecida, cruda",,9.9,371.0,1573.0,130.0,15.0,747.0,715.0,32.0,9.0,25.0,39.0,6.0,120.0,13.0,53.0,223.0,95.0,39.0,7.1,237.0,0.0,0.0,0.0,3.0,2.0,6.0,0.0,100.0,
A073,"— Pasta alimenticia, sin enriquecer, cocida, sin sal",,65.7,143.0,606.0,58.0,9.0,270.0,252.0,18.0,6.0,7.0,5.0,1.0,58.0,0.0,5.0,18.0,44.0,2.0,2.0,4.0,7.0,0.0,0.0,0.0,2.0,1.0,3.0,0.0,100.0
A074,"Pasta alimenticia, sin enriquecer, cruda",,9.9,371.0,1572.0,130.0,14.0,748.0,716.0,32.0,9.0,21.0,1.0,5.0,167.0,10.0,1.5,55.0,236.0,0.15,0.03,2.5,18.0,0.0,0.0,0.0,0.2,1.5,0.6,0.0,100.0
A075,"Ponqué blanco, cubierto de chocolate, homeado",,221.0,398.0,1669.0,30.0,178.0,559.0,544.0,15.0,13.0,26.0,15.0,310.0,138.0,4.0,20.0,187.0,0.07,9.0,8.0,22.0,0.0,0.0,47.0,58.0,72.0,47.0,16.0,100.0,
A076,Seo Ad ec,,22.1,398.0,1669.0,30.0,178.0,559.0,544.0,15.0,13.0,30.0,10.0,310.0,138.0,4.0,20.0,187.0,0.07,0.09,8.0,22.0,0.0,0.0,47.0,58.0,72.0,47.0,16.0,100.0,
A077,"Fonqué blanco, regular, sin cubierta, horneado",,224.0,403.0,1687.0,53.0,192.0,51.7,507.0,10.0,14.0,65.0,12.0,393.0,136.0,121.0,4.0,12.0,100.0,0.0,0.13,3.0,24.0,23.0,0.0,81.0,57.0,95.0,29.0,77.0,100.0
A078,"Ponqué negro, cubierto de chocolate, horneado",,20.5,417.0,1744.0,35.0,20.1,544.0,52.2,2.2,1.6,30.0,30.0,248.0,137.0,6.0,31.0,270.0,0.09,6.0,8.0,17.0,0.0,0.0,71.0,59.0,73.0,46.0,22.0,100.0,
A079,"Quinua, cruda",Semilla,120.0,376.0,1590.0,146.0,44.0,664.0,599.0,65.0,25.0,55.0,84.0,5.0,25.0,3.2,202.0,652.0,36.0,0.24,17.0,184.0,0.0,0.0,0.0,6.0,15.0,28.0,0.0,100.0,
A080,"Roscas de harina de maiz y cuajada, horneadas",,20.4,388.0,1629.0,186.0,17.6,38.9,4.5,,,372.0,13.0,220.0,0.26,0.33,3.0,1.0,100.0,,,,,,,,,,,,
A081,"Roscas de harina de maíz, horneadas",,193.0,353.0,1492.0,121.0,7.6,591.0,19.0,,,33.0,51.0,108.0,0.12,0.18,10.0,10.0,100.0,,,,,,,,,,,,
A082,,,,,,,,,,,,41.0,256.0,281.0,1.0,15.0,0.3,1.0,90.0,0.2,0.21,1.0,39.0,0.24,0.0,41.0,7.9,3.9,0.8,100.0,
A083,"Roscón, relleno de arequipe, horneado",,20.1,349.0,1475.0,62.0,66.0,66.1,0.9,,,58.0,38.0,757.0,25.0,460.0,100.0,,,,,,,,,,,,,,
A084,"Roscón, relleno de bocadillo, horneado",,210.0,345.0,1457.0,7.9,6.8,62.9,1.4,,,36.0,40.0,606.0,542.0,15.0,342.0,100.0,,,,,,,,,,,,,
A085,"Semolina, enriquecida, cruda",,127.0,362.0,15394.0,127.0,16.0,723.0,684.0,39.0,8.0,168.0,3.0,1482.0,683.0,8.0,31.0,191.0,39.0,55.0,38.0,84.0,0.0,0.0,0.0,1.0,2.0,5.0,0.0,100.0,
A086,"Semolina, sin enriquecer, cruda",,12.9,362.0,1536.0,127.0,18.0,719.0,680.0,39.0,8.0,18.0,1.0,1.0,110.0,1.1,47.0,186.0,0.29,0.08,3.3,72.0,0.0,0.0,0.0,0.2,0.1,0.4,0.0,100.0,
A087,"Tostadas o calados, horneados",,90.0,398.0,1682.0,10.0,68.0,723.0,687.0,36.0,18.0,40.0,36.0,570.0,139.0,70.0,9.0,26.0,122.0,40.0,0.37,15.0,103.0,5.0,0.0,0.0,7.0,6.0,14.0,0.0,100.0
A088,,,,,,,,,,,,35.0,42.0,2.0,359.0,3.1,90.0,435.0,46.0,0.13,48.0,41.0,0.0,0.0,0.0,23.0,2.0,8.0,0.0,100.0,
A089,"Trigo duro, crudo",Semilla,130.0,375.0,1585.0,113.0,18.0,724.0,602.0,122.0,15.0,31.0,39.0,2.0,346.0,6.0,36.0,93.0,411.0,38.0,12.0,46.0,38.0,0.0,0.0,0.0,3.0,2.0,9.0,0.0,100.0
A552,,,,,,,,,,,,12.0,20.0,1217.0,238.0,50.0,17.0,24.0,305.0,66.0,17.0,58.0,4.0,100.0,0.0,0.0,15.0,20.0,8.0,58.0,100.0
A553,,,,,,,,,,,,0.0,100.0,,,,,,,,,,,,,,,,,,
B001,,,,,,,,,,,,52.0,5.0,1556.0,0.0,11.0,42.0,2.0,1.0,2.0,3.0,0.0,1.0,24.0,100.0,,,,,,
B002,,,,,,,,,,,,56.0,5.0,1842.0,5.0,0.0,1.0,42.0,3.0,1.0,0.0,2.0,0.0,0.0,29.0,100.0,,,,,
B003,,,,,,,,,,,,49.0,18.0,212.0,52.0,4.0,81.0,441.0,7.0,15.0,4.0,165.0,0.0,30.0,413.0,85.0,,,,,
B004,,,,,,,,,,,,31.0,8.0,150.0,14.0,10.0,3.0,10.0,427.0,2.0,3.0,1.0,22.0,0.0,3.0,263.0,100.0,,,,
B005,,,,,,,,,,,,14.0,3.0,1.0,24.0,2.0,11.0,218.0,5.0,4.0,3.0,0.0,3.0,1093.0,100.0,,,,,,
B006,,,,,,,,,,,,20.0,8.0,1.0,24.0,0.2,12.0,340.0,5.0,5.0,6.0,16.0,0.0,9.0,17715.0,85.0,,,,,
B007,,,,,,,,,,,,13.0,10.0,2.0,29.0,2.12,21.0,7.0,9.0,16.0,18.0,0.0,100.0,460.0,90.0,,,,,,
B008,,,,,,,,,,,,19.0,11.0,348.0,3.0,23.0,334.0,8.0,12.0,14.0,23.0,0.0,234.0,54.0,90.0,,,,,,
B009,,,,,,,,,,,,40.0,13.0,19.0,135.0,47.0,10.0,23.0,520.0,12.0,7.0,7.0,4.0,0.0,9.0,0.0,95.0,,,,
B010,"Alcachofa, cruda Flor",,86.4,61.0,257.0,2.6,0.2,9.7,4.6,5.1,1.1,,,,,,,,,,,,,,,,,,,,
B012,,,,,,,,,,,,0.0,100.0,,,,,,,,,,,,,,,,,,
B013,,,,,,,,,,,,27.0,4.0,311.0,16.0,7648.0,1.0,2.0,5.0,59.0,0.0,0.0,100.0,,,,,,,,
B014,"Apio, crudo Tallos",,93.7,26.0,11.0,0.7,0.2,4.6,2.7,19.0,0.8,,,,,,,,,,,,,,,,,,,,
B015,"Arracacha amarilla, sin cáscara, cruda",Raíz,715.0,111.0,472.0,9.0,0.1,263.0,257.0,6.0,12.0,21.0,9.0,1.0,52.0,0.0,12.0,505.0,6.0,6.0,38.0,0.0,20.0,57.0,80.0,,,,,,
B017,"Arracacha morada, sin cáscara, cruda",Raíz,715.0,114.0,483.0,9.0,1.0,263.0,242.0,21.0,12.0,22.0,11.0,0.0,50.0,2.0,12.0,505.0,5.0,4.0,34.0,0.0,18.0,2.0,80.0,,,,,,
B020,,,,,,,,,,,,16.0,12.0,78.0,0.09,5.0,9.0,0.0,15.0,100.0,,,,,,,,,,,
B021,,,,,,,,,,,,25.0,4.0,21.0,40.0,20.0,3.0,17.0,340.0,7.0,3.0,6.0,13.0,0.0,20.0,673.0,80.0,,,,
B022,,,,,,,,,,,,7.0,2.0,1.0,15.0,0.1,1.0,118.0,8.0,2.0,6.0,14.0,0.0,1.0,6.0,100.0,,,,,
B024,"Berro, crudo Hojas",,93.6,27.0,12.0,1.7,0.3,3.3,1.3,2.0,1.1,,,,,,,,,,,,,,,,,,,,
B025,"Brócoli, crudo Flor",,88.9,46.0,195.0,30.0,3.0,66.0,40.0,2.6,1.2,,,,,,,,,,,,,,,,,,,,
B027,"Cebolla cabezona, cruda",Pulpa,90.3,20.0,171.0,14.0,0.1,7.7,6.0,17.0,5.0,,,,,,,,,,,,,,,,,,,,
B028,,,,,,,,,,,,84.0,15.0,16.0,31.0,4.0,20.0,276.0,6.0,9.0,6.0,64.0,0.0,15.0,60.0,45.0,,,,,
B029,,,,,,,,,,,,57.0,5.0,15.0,31.0,0.2,17.0,232.0,4.0,5.0,3.0,26.0,0.0,13.0,200.0,40.0,,,,,
B030,,,,,,,,,,,,58.0,8.0,20.0,51.0,0.1,28.0,180.0,7.0,5.0,5.0,64.0,0.0,12.0,50.0,95.0,,,,,
B031,"Cebolla, deshidratada",Pulpa,39.0,391.0,1659.0,86.0,5.0,836.0,744.0,92.0,34.0,,,,,,,,,,,,,,,,,,,,
B032,"Cebolla, pasta escaldada 79,7 97 408 15| 345/| 1981/",,1.0,115.0,2.3,1.4,,,,,,31.0,6.0,369.0,328.0,0.0,1.0,100.0,,,,,,,,,,,,,
B033,,,,,,,,,,,,6.0,6.0,5.0,80.0,30.0,5.0,9.0,318.0,9.0,40.0,39.0,17.0,0.0,2.0,0.0,100.0,,,,
B034,"Champiñón, en conserva Sombrero y",Tallo,90.0,43.0,180.0,1.9,0.4,6.6,4.1,2.5,1.1,,,,,,,,,,,,,,,,,,,,
B035,,,,,,,,,,,,82.0,18.0,46.0,60.0,5.0,26.0,521.0,26.0,21.0,15.0,62.0,0.0,68.0,390.0,90.0,,,,,
B036,"Colo repollitas de bruselas, cruda Flor 85,8 60 254 3,4 0,3 9,1 |",,5.3,3.8,1.4,,,,,,,42.0,1.4,25.0,1.0,10.0,0.4,23.0,389.0,0.14,0.13,0.7,61.0,0.0,94.0,43.0,0.0,,,,
B037,"Col silvestre, cruda Flor",,86.7,50.0,210.0,25.0,5.0,84.0,76.0,8.0,1.9,,,,,,,,,,,,,,,,,,,,
B039,,,,,,,,,,,,25.0,7.0,41.0,57.0,3.0,12.0,310.0,3.0,8.0,5.0,57.0,0.0,55.0,15.0,80.0,,,,,
B040,"Colinabo, sin cáscara, crudo",Raíz,91.6,35.0,149.0,1.7,0.1,5.7,3.3,2.4,0.9,48.0,4.0,13.0,46.0,0.2,19.0,333.0,0.06,0.03,0.5,21.0,0.0,60.0,1.0,50.0,,,,,
B041,,,,,,,,,,,,23.0,9.0,1.0,54.0,0.0,6.0,14.0,224.0,0.16,14.0,11.0,149.0,0.0,8.0,56.0,100.0,,,,
B042,"Espárrago, crudo Tallos",,92.7,32.0,133.0,2.0,0.2,44.0,2.3,2.1,0.7,,,,,,,,,,,,,,,,,,,,
B044,"Espinaca, cruda Hojas 91,4 q",,4.0,142.0,2.9,0.2,3.8,13.0,2.6,1.7,,123.0,2.4,66.0,42.0,1.0,0.5,79.0,474.0,0.08,0.19,0.7,194.0,0.0,26.0,533.0,50.0,,,,
B045,"Frijol verde, crudo",Semilla,58.2,166.0,702.0,10.55,0.4,290.0,27.0,2.0,1.9,,,,,,,,,,,,,,,,,,,,
B046,,,,,,,,,,,,567.0,3.3,220.0,756.0,0.39,0.08,14.0,0.0,16.0,50.0,,,,,,,,,,
B048,"Guatila, sin cáscara, cruda",Pulpa,93.5,27.0,115.0,0.8,0.0,5.2,3.5,1.7,0.5,15.0,5.0,2.0,2.0,7.0,12.0,125.0,3.0,4.0,6.0,93.0,0.0,15.0,4.0,65.0,,,,,
B049,,,,,,,,,,,,6.0,25.0,180.0,17.0,10.0,8.0,7.0,0.0,30.0,33.0,95.0,,,,,,,,,
B050,"Haba verde, cruda",Semilla,65.7,144.0,607.0,9.9,0.6,225.0,18.3,4.2,1.3,33.0,2.0,26.0,143.0,4.0,0.6,33.0,386.0,0.29,0.15,16.0,96.0,0.0,32.0,19.0,50.0,,,,
B051,"Habichuela, cocida, sin sal '",Pulpa,927.0,32.0,135.0,16.0,1.0,48.0,20.0,28.0,8.0,,,,,,,,,,,,,,,,,,,,
B052,"Habichuela, cruda Pulpa 90,0 43 182 | 2,1 0,0 7,2 4,2 |",,3.0,0.7,,,,,,,,30.0,10.0,6.0,39.0,10.0,2.0,22.0,209.0,6.0,0.1,0.7,34.0,0.0,10.0,33.0,90.0,,,,
B054,"Harina de arracacha, cruda",,80.0,368.0,1564.0,0.6,0.8,89.7,0.9,,,0.0,10.0,100.0,,,,,,,,,,,,,,,,,
B055,,,,,,,,,,,,65.0,14.0,55.0,167.0,130.0,5.0,65.0,1001.0,23.0,5.0,35.0,25.0,0.0,4.0,0.0,100.0,,,,
B056,"Harina de papa criolla, cruda",,6.6,361.0,1533.0,46.0,0.1,85.3,3.4,,,6.0,58.0,22.0,0.0,100.0,,,,,,,,,,,,,,,
B057,"Harina de plátano, cruda",,139.0,340.0,1445.0,33.0,3.0,805.0,796.0,9.0,19.0,,,,,,,,,,,,,,,,,,,,
B058,"Hariña de yuca, cruda 120 351 1492 1,1 0,3 €e",,59.0,85.7,0.3,0.7,,,,,,53.0,1.1,1.0,28.0,0.4,37.0,340.0,0.06,0.08,0.8,0.0,0.0,0.0,100.0,,,,,,
B059,,,,,,,,,,,,21.0,9.0,6.0,27.0,20.0,3.0,6.0,143.0,6.0,4.0,4.0,53.0,0.0,3.0,10.0,55.0,,,,
B060,"Lechuga romana, cruda Hojas 94,8 23 | 95 1,1 0,1 3,3 |",,1.2,2.1,0.7,,,,,,,30.0,1.0,30.0,2.0,0.2,14.0,247.0,0.07,0.07,0.3,136.0,0.0,5.0,290.0,55.0,,,,,
B061,,,,,,,,,,,,41.0,5.0,65.0,29.0,20.0,2.0,11.0,216.0,4.0,3.0,4.0,15.0,0.0,20.0,0.0,80.0,,,,
B062,"Ocra, cruda",Pulpa,89.8,45.0,188.0,1.9,0.2,72.0,40.0,3.2,0.9,82.0,0.6,7.0,61.0,0.6,57.0,300.0,0.2,0.06,1.0,72.0,0.0,22.0,47.0,0.0,,,,,
B063,,,,,,,,,,,,40.0,17.0,14.0,101.0,3.7,10.0,1806.0,0.06,6.0,11.0,24.0,0.0,11.0,30.0,95.0,,,,,
B064,,,,,,,,,,,,8.0,0.8,9.0,49.0,3.5,0.3,28.0,415.0,0.09,0.06,1.3,11.0,0.0,14.0,0.0,100.0,,,,
B065,"Papa, variedad cerosa, sabanera, con cáscara, frita, sin sal Médula",,36.5,274.0,1156.0,5.9,56.0,499.0,23.0,,,12.0,8.0,6.0,58.0,0.3,23.0,422.0,8.0,3.0,11.0,16.0,0.0,20.0,100.0,,,,,,
B066,,,,,,,,,,,,14.0,0.6,36.0,741.0,0.0,100.0,,,,,,,,,,,,,,
B067,,,,,,,,,,,,7.0,0.8,6.0,49.0,3.0,0.3,20.0,355.0,0.1,0.02,1.3,9.0,0.0,6.0,2.0,100.0,,,,
B068,,,,,,,,,,,,14.0,0.3,11.0,57.0,3.0,0.2,22.0,321.0,0.08,0.02,0.9,16.0,0.0,16.0,0.0,30.0,,,,
B069,Pe ÓN Médula 411 313 1310 34 155 382 YHA,,5.0,37.0,1.8,,,,,,,,,,,,,,,,,,,,,,,,,,
B070,"Papa, variedad harinosa, criolla, con cáscara, cocida, sin sal Médula y corteza",,79.4,85.0,358.0,1.4,0.0,18.1,15.2,3.0,1.0,4.0,0.5,2.0,41.0,0.4,21.0,482.0,0.0,100.0,,,,,,,,,,,
B071,"Papa, variedad harinosa, criolla, con cáscara, cruda Médula y corteza.",,75.4,96.0,406.0,22.0,0.1,211.0,205.0,0.6,1.2,1.0,1.0,18.0,36.0,0.11,0.03,2.4,0.0,32.0,2.0,100.0,,,,,,,,,
B072,"Papa, variedad harinosa, criolla, sin cáscara, cruda Médula",,73.2,106.0,448.0,2.0,0.4,233.0,229.0,0.4,1.1,6.0,0.4,52.0,0.3,0.08,0.06,13.0,0.0,9.0,2.0,92.0,,,,,,,,,
B073,,,,,,,,,,,,6.0,10.0,9.0,49.0,3.5,0.4,22.0,417.0,0.09,0.03,1.2,9.0,0.0,13.0,0.0,100.0,,,,
B074,"Papa, variedad harinosa, pastusa, con cáscara, cruda Médula y corteza 71,7 gg",,376.0,2.1,0.1,189.0,17.1,1.8,1.1,,,12.0,0.8,5.0,57.0,0.3,23.0,422.0,0.08,0.03,1.1,16.0,0.0,20.0,0.0,100.0,,,,,
B075,"Papa, variedad harinosa, pastusa, sin cáscara, cruda Médula",,76.2,97.0,410.0,20.0,2.0,209.0,190.0,19.0,8.0,6.0,0.3,6.0,47.0,3.0,0.3,20.0,352.0,0.15,0.02,1.3,9.0,0.0,7.0,1.0,100.0,,,,
B076,,,,,,,,,,,,8.0,0.8,10.0,59.0,2.6,0.3,22.0,445.0,0.11,0.06,1.5,16.0,0.0,18.0,0.0,90.0,,,,
B077,"| Pepino cohombro, crudo | Pulpa sin semillas | 967 | 14, 57| 05| 01| 23| 16|",,7.0,4.0,,,,,,,,,,,,,,,,,,,,,,,,,,,
B078,"Pepino de rellenar, crudo Pulpa sin semillas 94,5 21 g",,9.0,0.6,0.2,3.8,3.0,0.8,0.8,,,15.0,0.7,4.0,24.0,10.0,68.0,0.04,0.05,0.2,0.0,14.0,3.0,90.0,,,,,,,
B079,,,,,,,,,,,,138.0,6.6,56.0,59.0,1.1,50.0,554.0,0.11,0.09,1.3,152.0,0.0,161.0,421.0,90.0,,,,,
B080,"Pimentón rojo, crudo Pulpa sin semillas",,91.9,35.0,149.0,1.0,0.3,6.3,46.0,1.7,0.5,7.0,0.4,4.0,24.0,1.0,0.2,12.0,211.0,5.0,0.07,1.1,25.0,0.0,160.0,184.0,85.0,,,,
B081,,,,,,,,,,,,4.0,3.0,20.0,10.0,1.0,10.0,1735.0,6.0,3.0,5.0,10.0,0.0,903.0,20.0,80.0,,,,,
B082,"Plátano áfrica, maduro, crudo",Pulpa,66.3,136.0,578.0,1.3,0.3,31.0,28.7,2.3,1.2,4.0,0.6,4.0,35.0,0.4,0.1,37.0,499.0,0.05,0.05,0.5,22.0,0.0,18.0,57.0,72.0,,,,
B083,"Plátano áfrica, verde, crudo",Pulpa,598.0,163.0,690.0,10.0,0.2,381.0,358.0,23.0,0.9,,,,,,,,,,,,,,,,,,,,
B084,"Plátano colí o guineo, verde, crudo",Pulpa,67.4,128.0,594.0,1.3,0.1,30.3,299.0,0.4,0.9,,,,,,,,,,,,,,,,,,,,
B085,"Plátano dominico, maduro, crudo",Pulpa,66.3,136.0,578.0,1.1,0.3,31.1,288.0,2.4,1.2,4.0,0.8,4.0,35.0,0.8,0.1,37.0,499.0,5.0,0.02,0.5,22.0,0.0,17.0,57.0,65.0,,,,
B086,,,,,,,,,,,,8.0,0.9,10.0,31.0,0.8,0.1,0.07,0.03,0.6,0.0,20.0,100.0,60.0,,,,,,,
B087,"Plátano espermo, maduro, crudo",Pulpa,69.1,125.0,529.0,12.0,3.0,282.0,259.0,23.0,1.2,3.0,0.5,4.0,30.0,0.1,37.0,499.0,6.0,0.06,0.5,22.0,0.0,17.0,58.0,50.0,,,,,
B088,,,,,,,,,,,,4.0,0.5,5.0,30.0,0.2,34.0,414.0,0.05,0.05,0.6,26.0,0.0,9.0,56.0,100.0,,,,,
B089,,,,,,,,,,,,3.0,0.5,4.0,36.0,0.1,37.0,500.0,0.07,0.05,0.7,22.0,0.0,15.0,54.0,72.0,,,,,
B095,"Plátano popocho, verde, crudo Pulpa 68,9 123 521 10 02 |",,290.0,285.0,5.0,9.0,,,,,,,,,,,,,,,,,,,,,,,,,
B096,,,,,,,,,,,,2.0,6.0,13.0,24.0,10.0,3.0,10.0,235.0,3.0,3.0,3.0,29.0,0.0,20.0,0.0,90.0,,,,
B100,,,,,,,,,,,,41.0,5.0,5.0,33.0,10.0,3.0,17.0,262.0,7.0,6.0,3.0,22.0,0.0,33.0,3.0,100.0,,,,
B105,"Tomate, extracto, fresco Extracto/Jugo M",,4.0,19.0,82.0,6.0,0.0,40.0,35.0,5.0,10.0,,,,,,,,,,,,,,,,,,,,
B106,,,,,,,,,,,,16.0,5.0,41.0,45.0,2.0,16.0,100.0,3.0,2.0,5.0,11.0,0.0,21.0,1.0,100.0,,,,,
B107,,,,,,,,,,,,16.0,314.0,3003218000308.0,27.0,0.0,30.0,1.0,80.0,,,,,,,,,,,,
B109,,,,,,,,,,,,422.0,29.0,20.0,2.0,1.0,265.0,7.0,4.0,6.0,14.0,0.0,2.0,1667.0,100.0,,,,,,
B110,,,,,,,,,,,,27.0,4.0,351.0,35.0,20.0,2.0,10.0,320.0,4.0,4.0,4.0,22.0,0.0,3.0,1318.0,85.0,,,,
C002,"Aguacate Lorena, crudo Pulpa sin",Semilla,743.0,179.0,741.0,16.0,133.0,10.0,3.4,65.6,0.8,10.0,4.0,6.0,40.0,20.0,5.0,27.0,4586.0,5.0,12.0,14.0,81.0,0.0,8.0,3.0,77.0,,,,
C003,"Almendra, Nuez",,12.0,639.0,2642.0,186.0,541.0,139.0,30.0,109.0,1.4,,,,,,,,,,,,,,,,,,,,
C004,"Anón, crudo Pulpa sin semillas",,69.7,124.0,527.0,2.3,0.1,270.0,239.0,3.1,0.9,10.0,4.0,6.0,40.0,2.0,26.0,273.0,10.0,17.0,8.0,14.0,0.0,40.0,1.0,40.0,,,,,
C005,"Babaco, maduro, crudo Pulpa sin semillas 92,3 32-|",,135.0,0.9,0.2,6.5,6.0,0.5,0.2,,,,,,,,,,,,,,,,,,,,,,
C006,"Babaco, pintón, crudo Pulpa sin semillas",,91.9,34.0,143.0,0.9,0.2,6.9,6.4,0.5,0.2,33.0,0.2,5.0,14.0,0.1,6.0,224.0,0.02,0.06,1.0,0.0,0.0,12.0,45.0,,,,,,
C007,,,,,,,,,,,,716.0,17.0,16.0,14.0,1.6,198.0,2.0,6.0,10.0,0.0,0.0,12.0,45.0,,,,,,,
C008,"Badea, cruda Pulpa sin semillas",,87.9,46.0,194.0,0.9,0.2,10.1,0.9,,,10.0,6.0,22.0,0.0,11.0,27.0,0.0,20.0,7.0,20.0,,,,,,,,,,
C010,"Banano común, crudo",Pulpa,75.3,101.0,430.0,1.5,0.1,223.0,19.6,2.6,0.8,8.0,0.9,3.0,27.0,2.0,0.2,29.0,328.0,0.05,0.03,0.6,21.0,0.0,19.0,22.0,70.0,,,,
C012,"Breva, madura, cruda Pulpa sin semillas",,29.0,48.0,201.0,0.9,0.2,9.2,6.4,2.8,0.7,25.0,4.0,2.0,24.0,15.0,2.0,16.0,232.0,4.0,3.0,3.0,6.0,0.0,5.0,8.0,100.0,,,,
C013,,,,,,,,,,,,68.0,5.0,2.0,34.0,15.0,2.0,16.0,232.0,5.0,6.0,3.0,6.0,0.0,18.0,2.0,100.0,,,,
C014,"Cereza, cruda Pulpa sin",Semilla,74.1,104.0,442.0,1.2,0.1,237.0,21.9,1.8,0.9,,,,,,,,,,,,,,,,,,,,
C015,"Chirimoya, cruda Pulpa sin semillas",,76.7,95.0,403.0,15.0,5.0,202.0,180.0,22.0,1.1,7.0,5.0,0.0,36.0,15.0,2.0,5.0,31.0,10.0,1.0,9.0,18.0,0.0,5.0,5.0,51.0,,,,
C016,"Chontaduro, crudo Pulpa sin",Semilla,48.2,358.0,1482.0,6.3,25.7,19.0,6.3,12.7,0.8,81.0,70.0,22.0,359.0,9.0,100.0,620.0,4.0,28.0,14.0,0.0,18.0,77.0,,,,,,,
C017,"Ciruela, común, cruda Pulpa sin",Semilla,87.8,53.0,222.0,6.0,1.0,111.0,87.0,24.0,4.0,,,,,,,,,,,,,,,,,,,,
C018,"Citrón, crudo Pulpa sin semillas",,88.0,47.0,199.0,0.6,0.1,10.9,0.4,,,665.0,3.0,17.0,0.04,4.0,2.0,0.0,24.0,0.0,41.0,,,,,,,,,,
C019,"Coco, crudo",Pulpa,473.0,402.0,1660.0,36.0,255.0,126.0,36.0,90.0,11.0,,,,,,,,,,,,,,,,,,,,
C020,,,,,,,,,,,,20.0,439.4,66.0,206.0,0.3,2.0,90.0,1165.0,0.03,0.02,0.3,9.0,0.0,2.0,0.0,100.0,,,,
C022,"Dátil, seco",Pulpa,21.3,325.0,1377.0,2.4,0.2,74.7,67.3,7.4,1.4,57.0,9.0,2.0,45.0,10.0,3.0,52.0,676.0,6.0,34.0,2.0,22.0,0.0,0.0,2.0,100.0,,,,
C023,"Durazno, crudo “Pulpa sin",Semilla,85.7,58.0,244.0,10.0,1.0,125.0,110.0,15.0,8.0,,,,,,,,,,,,,,,,,,,,
C024,"Feijoa, crudo Pulpa sin semilla 82,0 83 M",,9.0,1.7,0.0,15.8,9.4,65.4,0.5,,,,,,,,,,,,,,,,,,,,,,
C025,"Fresa, madura, cruda",Pulpa,899.0,45.0,189.0,8.0,5.0,83.0,63.0,20.0,5.0,,,,,,,,,,,,,,,,,,,,
C026,"Fresa, pintona, cruda",Pulpa,91.5,38.0,159.0,0.8,0.3,7.0,5.2,1.9,0.4,20.0,4.0,1.0,22.0,80.0,2.0,10.0,183.0,3.0,7.0,4.0,22.0,0.0,64.0,1.0,95.0,,,,
C027,"Granada, cruda Pulpa sin semillas",,844.0,70.0,2905.0,10.0,12.0,129.0,111.0,18.0,5.0,,,,,,,,,,,,,,,,,,,,
C028,,,,,,,,,,,,12.0,0.9,20.0,50.0,0.8,25.0,420.0,0.02,0.35,2.1,14.0,0.0,0.0,28.0,30.0,,,,,
C030,"Guanábana, cruda Pulpa sin semillas",,92.1,33.0,139.0,0.6,0.2,6.8,6.0,0.8,0.3,2.0,9.0,12.0,15.7,5.0,57.0,3.0,6.0,11.0,14.0,0.0,0.0,1.0,70.0,,,,,,
C031,"Guayaba, madura, cruda Pulpa sin semillas",,84.6,71.0,208.0,9.0,0.3,134.0,8.0,5.4,0.7,13.0,3.0,3.0,15.0,3.0,12.0,337.0,4.0,4.0,15.0,49.0,0.0,217.0,31.0,75.0,,,,,
C032,"Guayaba, pintona, cruda Pulpa sin semillas",,82.8,78.0,330.0,0.9,0.4,15.1,9.7,5.4,0.8,16.0,3.0,3.0,26.0,15.0,2.0,14.0,353.0,4.0,4.0,11.0,329.0,0.0,214.0,31.0,75.0,,,,
C033,"Gulupa, madura, cruda ' Pulpa sin semillas",,815.0,74.0,315.0,9.0,1.0,172.0,170.0,2.0,2.0,4.0,2.0,7.0,13.0,17.0,278.0,0.0,13.0,15.0,7.0,0.0,30.0,36.0,56.0,,,,,,
C034,"Gulupa, pintona, cruda Pulpa sin semillas",,83.2,66.0,279.0,0.7,0.0,156.0,15.4,0.2,0.5,4.0,2.0,6.0,13.0,0.0,17.0,278.0,0.0,13.0,15.0,7.0,0.0,30.0,36.0,56.0,,,,,
C035,"Gulupa, verde, cruda ' Pulpa sin semillas",,85.3,57.0,241.0,8.0,0.0,133.0,131.0,2.0,6.0,,,,,,,,,,,,,,,,,,,,
C036,"Harina de banano, cruda",,141.0,340.0,1444.0,3.0,4.0,30.7,798.0,0.9,1.8,10.0,15.0,95.0,0.6,0.08,6.0,11.0,0.0,1.0,28.0,100.0,,,,,,,,,
C037,"Harina de chontaduro, cruda",,78.0,375.0,15900.0,64.0,6.0,839.0,797.0,42.0,13.0,0.0,100.0,,,,,,,,,,,,,,,,,,
C039,"Higo, pintón, crudo ' Pulpa sin semillas",,83.3,72.0,302.0,14.0,11.0,125.0,96.0,29.0,17.0,,,,,,,,,,,,,,,,,,,,
C040,"Higo, verde, crudo Pulpa sin semillas",,85.1,65.0,273.0,0.7,0.5,12.5,8.9,3.0,1.1,,,,,,,,,,,,,,,,,,,,
C043,"Lima, cruda ' Pulpa sin semillas",,924.0,35.0,147.0,5.0,1.0,66.0,38.0,28.0,4.0,,,,,,,,,,,,,,,,,,,,
C044,"Limón, crudo Pulpa sin semillas",,89.7,44.0,186.0,0.3,0.3,9.3,7.8,1.5,0.4,19.0,5.0,4.0,15.0,0.1,8.0,143.0,5.0,1.0,1.0,1.0,0.0,42.0,1.0,50.0,,,,,
C046,"Macadamia, seca Nuez",,3.0,579.0,2411.0,5.9,364.0,526.0,40.0,86.0,2.0,85.0,37.0,5.0,188.0,12.0,130.0,368.0,120.0,16.0,25.0,11.0,0.0,1.0,100.0,,,,,,
C048,"Mamey, crudo Pulpa sin semillas",,85.8,62.0,262.0,0.4,0.1,134.0,10.4,3.0,0.3,,,,,,,,,,,,,,,,,,,,
C050,"Mandarina, cruda Pulpa sin semillas",,87.2,54.0,228.0,0.9,0.1,11.4,9.6,18.0,0.4,35.0,3.0,2.0,21.0,0.2,12.0,151.0,6.0,3.0,2.0,18.0,0.0,24.0,35.0,70.0,,,,,
C051,"Mango común, crudo Pulpa sin semilla.",,818.0,79.0,334.0,6.0,0.0,17.1,132.0,39.0,5.0,,,,,,,,,,,,,,,,,,,,
C052,"Mango Tommy Atkins, crudo Pulpa sin",Semilla,52.6,19.0,824.0,0.4,0.1,469.0,48.0,2.1,0.0,8.0,1.0,14.0,0.1,7.0,138.0,0.04,0.0,70.0,76.0,,,,,,,,,,
C053,"Mangostino, crudo Pulpa sin semillas",,82.0,75.0,319.0,8.0,0.1,168.0,150.0,18.0,2.0,7.0,16.0,2.0,12.0,0.2,13.0,130.0,5.0,1.0,3.0,31.0,0.0,13.0,0.0,32.0,,,,,
C054,"Manzana común, cruda Pulpa sin semillas",,82.7,72.0,305.0,0.3,0.2,16.5,15.0,1.5,0.3,16.0,3.0,2.0,10.0,0.0,0.0,5.0,107.0,5.0,2.0,2.0,1.0,0.0,10.0,3.0,85.0,,,,
C055,"Manzana de agua, cruda Pulpa sin semillas",,87.8,53.0,222.0,17.0,10.0,92.0,0.3,,,12.0,4.0,10.0,0.0,4.0,65.0,,,,,,,,,,,,,,
C056,"| Maracuyá, cruda Pulpa sin semillas",,849.0,60.0,256.0,15.0,5.0,124.0,122.0,2.0,7.0,9.0,17.0,6.0,21.0,0.1,25.0,271.0,1.0,17.0,8.0,8.0,0.0,20.0,173.0,32.0,,,,,
C057,"Marañón, frito, sin sal Nuez",,4.1,623.0,2587.0,16.1,482.0,296.0,263.0,33.0,20.0,4383.0,60.0,13.0,531.0,53.0,273.0,632.0,36.0,22.0,17.0,25.0,0.0,100.0,,,,,,,
C058,Marañón. seco Nuez,,87.0,56.0,237.0,0.7,0.4,115.0,9.8,1.7,0.4,5.0,0.0,7.0,24.0,0.1,10.0,122.0,3.0,5.0,4.0,0.0,200.0,5.0,70.0,,,,,,
C059,"Marañón, tostado, sin sal Nuez",,2.0,620.0,2576.0,153.0,46.4,339.0,309.0,30.0,25.0,,,,,,,,,,,,,,,,,,,,
C060,"Melón, crudo Pulpa sin semillas",,93.6,25.0,106.0,0.7,0.0,5.0,4.0,1.0,0.6,3.0,7.0,17.0,6.0,1.0,7.0,224.0,4.0,2.0,6.0,21.0,0.0,0.0,68.0,50.0,,,,,
C061,"Mora de Castilla, cruda Pulpa sin semillas",,83.7,74.0,311.0,10.0,1.0,146.0,93.0,53.0,56.0,17.0,1.0,10.0,5.0,20.0,161.0,22.0,5.0,9.0,25.0,0.0,18.0,0.0,90.0,,,,,,
C064,,,,,,,,,,,,166.0,24.0,3.0,746.0,200.0,41.0,378.0,662.0,64.0,4.0,3.0,22.0,0.0,1.0,0.0,100.0,,,,
C065,"| Papaya, madura, cruda Pulpa sin semillas |",,90.7,40.0,169.0,5.0,1.0,82.0,62.0,20.0,5.0,,,,,,,,,,,,,,,,,,,,
C066,"| Papaya. pintona, cruda | Pulpa sin semillas | 89,0 47 | 197 05| 01 99|",,80.0,19.0,5.0,,,,,,,,,,,,,,,,,,,,,,,,,,
C067,,,,,,,,,,,,10.0,3.0,21.0,0.02,3.0,6.0,0.0,70.0,24.0,45.0,,,,,,,,,,
C071,,,,,,,,,,,,4.0,1.0,9.0,20.0,1.0,5.0,106.0,7.0,4.0,2.0,7.0,0.0,0.0,85.0,,,,,,
C072,"| Piña, cruda Pulpa sin semillas | 86,5| 56 239 06 01 124 |",,107.0,17.0,4.0,,,,,,,16.0,5.0,3.0,9.0,0.0,2.0,12.0,159.0,6.0,5.0,3.0,16.0,0.0,23.0,8.0,55.0,,,,
C074,"| Pistacho, tostado, sin sal | Nuez 2,1 666 2759 149 528 |",,276.0,173.0,103.0,26.0,,,,,,,,,,,,,,,,,,,,,,,,,
C076,"| Pitahaya roja, cruda Pulpa sin semillas 87,3|",,56.0,236.0,5.0,1.0,116.0,83.0,33.0,5.0,,26.0,2.0,26.0,0.1,1.0,3.0,2.0,0.0,25.0,3.0,55.0,,,,,,,,,
C077,,,,,,,,,,,,49.09,2.0,31.0,2.0,14.0,78.0,2.0,3.0,7.0,0.0,25.0,40.0,65.0,,,,,,,
C080,,,,,,,,,,,,81.0,11.0,28.0,86.0,1.0,92.0,621.0,20.0,19.0,25.0,14.0,0.0,20.0,2.0,45.0,,,,,
C082,"| Tomate de árbol rojo, crudo Pulpa sin semillas | 86,7 | 55 232 20 02 102|",,82.0,20.0,8.0,,,,,,,109.0,0.0,41.0,0.1,16.0,0.05,3.0,11.0,0.0,29.0,112.0,86.0,,,,,,,,
C084,"| Uchuva, cruda Pulpa sin semillas | 82,1 77 326| 15 05 142|",,91.0,51.0,17.0,,,,,,,,,,,,,,,,,,,,,,,,,,
C085,"| Uva blanca, cruda Pulpa sinsemilas | 905] $",,8.0,162.0,5.0,0.0,88.0,7709.0,4.0,,,,,,,,,,,,,,,,,,,,,,
C086,,,,,,,,,,,,4.0,9.0,10.0,20.0,1.0,4.0,320.0,3.0,1.0,1.0,27.0,0.0,14.0,7.0,90.0,,,,,
C088,"| Zapote blanco, crudo Pulpa sin semillas | 769 |",,102.0,430.0,12.0,26.0,185.0,0.8,,,,,,,,,,,,,,,,,,,,,,,
D002,,,,,,,,,,,,1.0,0.0,0.0,0.0,0.0,0.0,0.0,0.0,0.0,0.0,0.0,0.0,0.0,0.0,259.0,179.0,515.0,0.0,100.0,
D004,,,,,,,,,,,,0.0,0.0,0.0,0.0,0.0,0.0,0.0,0.0,0.0,0.0,0.0,0.0,0.0,0.0,105.0,344.0,516.0,0.0,100.0,
D006,| Aceite de maíz |,,0.0,900.0,3700.0,0.0,1000.0,0.0,0.0,0.0,,,,,,,,,,,,,,,,,,,,,
D008,| Aceite de oliva | ' 00|,,900.0,3700.0,0.0,1000.0,0.0,0.0,0.0,,,1.0,0.0,2.0,0.0,0.0,0.0,0.0,1.0,0.0,0.0,0.0,0.0,0.0,0.0,84.0,9.6,0.0,0.0,100.0,
D012,,,,,,,,,,,,1.0,0.0,0.0,0.0,0.0,0.0,0.0,0.0,0.0,0.0,0.0,0.0,0.0,0.0,0.0,144.0,233.0,579.0,0.0,100.0
D016,,,,,,,,,,,,34.0,17.0,478.0,323.0,25.0,162.0,649.0,0.1,10.0,133.0,74.0,0.0,0.0,0.0,96.0,236.0,144.0,0.0,100.0,
D018,,,,,,,,,,,,14.0,0.0,877.0,14.0,260.0,0.0,2.0,44.0,1.0,4.0,0.0,1.0,10.0,0.0,819.0,346.0,458.0,0.0,0.0,100.0
E001,"Almeja, de agua dulce, cruda",,828.0,66.0,278.0,140.0,10.0,3.0,0.0,20.0,,43.0,17.0,46.0,170.0,160.0,13.0,19.0,274.0,8.0,14.0,13.0,16.0,1128.0,2.0,9.0,2.0,1.0,2.0,30.0,11.0
E002,"Arenque, entero, crudo",,70.3,156.0,651.0,179.0,90.0,7.0,0.0,21.0,,57.0,11.0,80.0,235.0,290.0,10.0,32.0,326.0,0.09,24.0,36.0,10.0,1354.0,0.0,32.0,20.0,37.0,21.0,60.0,54.0
E003,"Atún, enlatado en aceite",,614.0,211.0,881.0,255.0,121.0,0.0,0.0,15.0,,8.0,15.0,391.0,250.0,140.0,5.0,34.0,212.0,2.0,8.0,123.0,5.0,220.0,0.0,5.0,18.0,36.0,55.0,40.0,100.0
E004,,,,,,,,,,,,14.0,1.0,37.0,219.0,13.0,0.5,33.0,237.0,0.02,0.05,5.8,2.0,1.17,0.0,6.0,0.8,0.8,1.1,42.0,100.0
E005,"Bagre, graso, sin cabeza, crudo Cuerpo sin cabeza",,725.0,165.0,685.0,155.0,114.0,0.0,0.0,8.0,,8.0,6.0,98.0,200.05,19.0,302.0,0.02,0.1,20.0,10.0,288.0,0.0,0.0,13.0,26.0,11.0,55.0,85.0,,
E006,"| Bagre, magro, entero, cocido, sin sal",,747.0,138.0,576.0,182.0,72.0,0.0,0.0,11.0,,15.0,5.0,101.0,200.0,100.0,6.0,24.0,301.0,4.0,8.0,23.0,12.0,200.0,0.0,1.0,16.0,31.0,14.0,66.0,66.0
E007,"Bagre, magro, sin cabeza, crudo Cuerpo sin cabeza",,78.7,93.0,290.0,175.0,24.0,2.0,0.0,12.0,,19.0,19.0,83.0,201.0,9.0,6.0,27.0,279.0,0.19,8.0,20.0,5.0,200.0,0.0,15.0,4.0,8.0,8.0,46.0,92.0
E008,"Bagre, semigraso, sin cabeza, crudo Cuerpo sin cabeza",,76.9,118.0,494.0,155.0,5.9,0.7,0.0,1.0,,2.0,98.0,204.0,5.0,19.0,302.0,2.0,8.0,21.0,10.0,288.0,0.0,0.0,13.0,26.0,11.0,55.0,92.0,,
E009,"Bocachico, entero, cocido, sin sal",,723.0,138.0,578.0,20.1,64.0,0.0,0.0,12.0,,76.0,9.0,97.0,166.0,8.0,22.0,266.0,0.06,13.0,245.0,88.0,32.0,13.0,7.0,105.0,51.0,,,,
E010,"Bocachico, sin cabeza, crudo Cuerpo sin cabeza",,76.6,906.0,408.0,20.2,15.0,0.5,0.0,1.2,,24.0,21.0,255.0,0.08,3.0,654.0,,,,,,,,,,,,,,
E011,"Bocachico, sin cabeza, salado, crudo Cuerpo sin cabeza",,78.8,126.0,526.0,170.0,64.0,0.0,0.0,1.1,,,,,,,,,,,,,,,,,,,,,
E012,"Bonito, sin cabeza, crudo Cuerpo sin cabeza",,70.6,134.0,564.0,24.0,42.0,0.0,0.0,1.2,,27.0,31.0,40.0,258.0,0.3,293.0,0.02,0.06,128.0,0.0,0.0,0.0,0.0,0.0,51.0,,,,,
E013,"Cachama, entera, frita, con sal",,61.1,254.0,10588.0,27.0,162.0,0.0,0.0,22.0,,21.0,12.0,610.0,229.0,5.0,36.0,460.0,0.04,0.12,518.0,8.0,100.0,58.0,4.0,152.0,83.0,,,,
E014,"Cachama, sin cabeza, cruda Cuerpo sin cabeza",,77.0,106.0,447.0,181.0,38.0,0.0,0.0,11.0,,18.0,14.0,203.0,78.0,,,,,,,,,,,,,,,,
E015,"Calamar, crudo",,805.0,79.0,3386.0,164.0,15.0,1.0,0.0,15.0,,32.0,7.0,44.0,148.0,200.0,15.0,33.0,246.0,2.0,41.0,22.0,5.0,130.0,0.0,10.0,4.0,1.0,5.0,233.0,70.0
E016,"Camarón, cocido, sin sal",,740.0,103.0,436.0,235.0,10.0,0.0,0.0,15.0,,90.0,30.0,223.0,257.0,100.0,16.0,36.0,182.0,0.01,3.0,20.0,4.0,149.0,0.0,68.0,3.0,2.0,4.0,205.0,83.0
E017,"Camarón, crudo 765 9%",,400.0,203.0,12.0,5.0,0.0,14.0,,,,82.0,25.0,163.0,19.0,900.0,13.0,36.0,181.0,3.0,2.0,22.0,12.0,124.0,0.0,54.0,3.0,2.0,6.0,145.0,87.0
E018,"Cangrejo, crudo",,797.0,84.0,353.0,173.0,16.0,0.0,0.0,16.0,,75.0,5.0,423.0,180.0,37.0,3.3,36.0,208.0,0.14,0.06,1.6,10.0,1.15,0.0,1.0,0.2,0.3,0.5,139.0,30.0
E019,"Caracol de mar, orudo",,68.3,123.0,519.0,238.0,14.0,237.0,0.0,28.0,,10.0,35.0,70.0,272.0,10.0,250.0,382.0,1.0,0.12,14.0,6.0,50.0,0.0,26.0,0.0,0.0,0.0,65.0,100.0,
E020,"Carite, entero, crudo",,763.0,106.0,445.0,186.0,35.0,1.0,0.0,16.0,,19.0,3.0,65.0,257.0,400.0,4.0,24.0,435.0,6.0,5.0,64.0,9.0,104.0,0.0,20.0,3.0,5.0,4.0,49.0,80.0
E021,"Corvina, de mar, filete, crudo Filete",,78.0,100.0,420.0,178.0,32.0,0.0,0.0,10.0,,15.0,4.0,56.0,208.0,4.0,40.0,345.0,0.08,9.0,42.0,15.0,250.0,0.0,18.0,11.0,11.0,5.0,61.0,100.0,
E022,"Jaiba o cangrejo azul, cocida, sin sal",,77.9,87.0,367.0,191.0,11.0,1.0,0.0,18.0,,89.0,7.0,293.0,229.0,40.0,36.0,34.0,329.0,0.08,4.0,27.0,44.0,90.0,3.0,2.0,2.0,2.0,4.0,78.0,100.0
E023,"Langosta, cruda",,797.0,82.0,346.0,162.0,19.0,0.0,0.0,22.0,,61.0,6.0,423.0,180.0,37.0,28.0,37.0,206.0,0.13,6.0,19.0,10.0,113.0,0.0,1.0,2.0,3.0,4.0,127.0,35.0
E024,"Langostino, crudo",,82.5,71.0,300.0,14.5,1.4,0.0,0.0,1.5,,52.0,9.0,531.0,252.0,21.0,12.0,26.0,300.0,0.02,2.0,20.0,30.0,166.0,0.0,30.0,3.0,4.0,3.0,1588.0,47.0
E025,"Lenguado, entero, crudo",,802.0,81.0,341.0,167.0,14.0,3.0,0.0,14.0,,19.0,3.0,119.0,181.0,330.0,5.0,22.0,278.0,9.0,18.0,32.0,11.0,100.0,0.0,10.0,3.0,2.0,3.0,48.0,80.0
E026,"- Lisa, sin cabeza, cruda Cuerpo sin cabeza",,76.6,105.0,442.0,180.0,34.0,6.0,0.0,14.0,,34.0,12.0,65.0,199.0,330.0,0.7,29.0,376.0,0.05,11.0,48.0,9.0,22.0,0.0,37.0,11.0,10.0,11.0,40.0,50.0
E027,"| Lisa, sin cabeza, salada, cruda Cuerpo sin cabeza",,723.0,125.0,526.0,218.0,40.0,4.0,0.0,15.0,,33.0,10.0,65.0,202.0,190.0,5.0,29.0,359.0,0.0,1.0,9.0,46.0,9.0,22.0,0.0,37.0,9.0,9.0,6.0,40.0
E028,,,,,,,,,,,,1.9,217.0,0.01,0.08,47.0,6.0,100.0,,,,,,,,,,,,,
E030,,,,,,,,,,,,27.0,8.0,75.0,186.0,27.0,3.0,24.0,288.0,6.0,0.07,13.0,12.0,120.0,0.0,17.0,3.0,5.0,5.0,41.0,100.0
E032,,,,,,,,,,,,109.0,52.0,325.0,81.0,20.0,591.0,43.0,239.0,0.1,0.17,16.0,11.0,1674.0,0.0,4.0,4.0,3.0,9.0,53.0,15.0
E034,,,,,,,,,,,,53.0,34.0,230.0,180.0,200.0,1.7,30.0,350.0,4.0,7.0,21.0,16.0,2000.0,0.0,45.0,3.0,1.0,3.0,48.0,79.0
E036,"| Róbalo o gualajo, entero, crudo po",,785.0,92.0,387.0,184.0,20.0,0.0,0.0,10.0,,,,,,,,,,,,,,,,,,,,,
E040,"Sardinas, enlatadas en salsa de tomate 669 | 177 738 209|",,103.0,1.0,0.0,129.0,,,,,,,,,,,,,,,,,,,,,,,,,
E044,,,,,,,,,,,,72.0,19.0,250.0,199.0,9.0,27.0,388.0,4.0,12.0,15.0,141.0,44.0,,,,,,,,
E046,,,,,,,,,,,,16.0,13.0,58.0,251.0,30.0,6.0,30.0,346.0,6019.0,32.0,5.0,432.0,0.0,16.0,9.0,13.0,11.0,82.0,52.0,
E081,,,,,,,,,,,,14.0,9.0,80.0,210.0,70.0,5.0,20.0,255.0,80.0,14.0,24.0,11.0,200.0,0.0,47.0,2.0,2.0,3.0,32.0,57.0
E083,,,,,,,,,,,,8.0,0.5,30.0,43.0,0.5,0.1,0.09,0.14,0.6,0.0,19.0,56.0,58.0,,,,,,,
E097,,,,,,,,,,,,200.0,10.0,484.0,300.0,76.0,1.0,30.0,350.0,2.0,0.16,57.0,11.0,400.0,28.0,19.0,30.0,24.0,46.0,100.0,
F001,"Armadillo, carne, cruda",,645.0,165.0,693.0,2900.0,54.0,0.0,0.0,11.0,,,,,,,,,,,,,,,,,,,,,
F002,,,,,,,,,,,,,,,,,,,,,,,,,,,,,,,
F003,"Butifarra, precocida",,57.8,256.0,1062.0,152.0,202.0,33.0,0.0,35.0,,51.0,19.0,703.0,51.0,5.0,140.0,4.0,0.13,24.0,2.0,0.0,68.0,89.0,30.0,50.0,100.0,,,,
F006,,,,,,,,,,,,53.0,22.0,75.0,0.01,0.11,4.0,2.0,100.0,,,,,,,,,,,,
F007,"— Cerdo, brazo, cocido, sin sal Brazo",,635.0,184.0,769.0,268.0,85.0,0.0,0.0,12.0,,,,,,,,,,,,,,,,,,,,,
F009,"Cerdo, brazo, horneado, sin sal Brazo",,60.2,220.0,920.0,26.7,126.0,0.0,0.0,11.0,,9.0,14.0,80.0,258.0,70.0,41.0,20.0,357.0,57.0,39.0,43.0,5.0,78.0,0.0,0.0,36.0,37.0,12.0,95.0,100.0
F010,,,,,,,,,,,,8.0,8.0,57.0,166.0,21.0,18.0,385.0,79.0,19.0,55.0,4.0,55.0,0.0,2.0,80.0,99.0,28.0,72.0,100.0,
F011,"Cerdo, carne magra, cruda",,713.0,140.0,590.0,214.0,60.0,2.0,0.0,11.0,,,,,,,,,,,,,,,,,,,,,
F012,"Cerdo, carne muy gorda, cruda",,35.7,522.0,2153.0,9.3,53.7,0.5,0.0,0.8,,6.0,5.0,32.0,108.0,50.0,10.0,4.0,185.0,42.0,24.0,46.0,1.0,84.0,0.0,2.0,105.0,245.0,64.0,72.0,100.0
F014,"Cerdo, costilla, cocida, sin sal Costilla",,53.9,258.0,1079.0,29.5,15.6,0.0,0.0,1.1,,,,,,,,,,,,,,,,,,,,,
F015,"Cerdo, costilla, cruda Costilla",,594.0,277.0,1150.0,187.0,225.0,0.0,0.0,9.0,,1.0,10.0,93.0,180.0,20.0,18.0,20.0,255.0,62.0,26.0,51.0,4.0,87.0,0.0,5.0,74.0,69.0,25.0,75.0,77.0
F016,"Cerdo, costilla, horneada, sin sal Costilla 48,1 M",,1.0,1494.0,244.0,27.0,0.0,0.0,1.0,,,45.0,13.0,111.0,178.0,33.0,21.0,314.0,48.0,36.0,46.0,0.0,77.0,0.0,6.0,110.0,135.0,23.0,118.0,50.0,
F017,"— Cerdo, hígado, crudo Hígado",,723.0,123.0,519.0,214.0,37.0,11.0,0.0,15.0,,10.0,233.0,87.0,360.0,100.0,64.0,19.0,296.0,40.0,300.0,151.0,212.0,25.63,25.0,6499.0,11.0,5.0,9.0,301.0,100.0
F019,"Cerdo, lomo, crudo Lomo",,743.0,110.0,465.0,216.0,25.0,3.0,0.0,13.0,,,,,,,,,,,,,,,,,,,,,
F020,"Cerdo, lomo, horneado, sin sal Lomo",,60.1,170.0,719.0,35.1,3.2,0.2,0.0,1.4,,16.0,12.0,55.0,259.0,25.0,31.0,401.0,70.0,34.0,66.0,0.0,56.0,0.0,0.0,13.0,16.0,4.0,42.0,100.0,
F021,"Cerdo, panceta o tocineta, cocida, sin sal Panceta",,20.4,465.0,1934.0,39.0,34.1,0.5,0.0,6.0,,23.0,8.0,87.0,18.0,35.0,34.0,252.0,55.0,17.0,56.0,10.0,0.0,6.0,15.2,56.0,111.0,100.0,,,
F022,,,,,,,,,,,,5.0,7.0,1118.0,127.0,110.0,13.0,12.0,210.0,41.0,10.0,42.0,2.0,50.0,0.0,8.0,133.0,174.0,65.0,66.0,100.0
F023,"| Cerdo, panceta o tocineta, salteada, sin sal ' Panceta",,47.0,354.0,1467.0,224.0,294.0,0.0,0.0,12.0,,,,,,,,,,,,,,,,,,,,,
F024,"Cerdo, pierna o pernil, cocida, sin sal Pierna",,67.2,148.0,623.0,27.1,4.3,0.0,0.0,1.3,,,,,,,,,,,,,,,,,,,,,
F025,"Cerdo, pierna o pernil. cruda Pierna",,729.0,131.0,551.0,205.0,54.0,2.0,0.0,11.0,,,,,,,,,,,,,,,,,,,,,
F027,"Cerdo, riñón, crudo Riñón",,800.0,375.0,162.0,27.0,0.0,0.0,11.0,,,,,,,,,,,,,,,,,,,,,,
F028,"Cerdo, tocino, cocido, sin sal Tocino",,10.3,751.0,3093.0,104.0,78.8,0.0,0.0,0.4,,,,,,,,,,,,,,,,,,,,,
F029,"Cerdo, tocino, crudo Tocino",,108.0,784.0,3224.0,29.0,858.0,0.0,0.0,56.0,,,,,,,,,,,,,,,,,,,,,
F030,"Cerdo, tocino, frito en su propia grasa (chicharrón), con sal Tocino",,16.9,599.0,2477.0,208.0,56.1,2.8,0.0,3.4,,61.0,28.0,125.0,149.0,8.0,9.0,171.0,3.0,20.0,38.0,0.0,0.0,0.0,153.0,196.0,79.0,105.0,100.0,,
F031,"— Cerdo, tocino, salteado, sin sal Tocino",,98.0,754.0,3106.0,10.2,792.0,1.0,0.0,8.0,,9.0,14.0,18.0,66.0,35.0,33.0,565.0,2.0,19.0,30.0,2.0,123.0,0.0,11.0,327.0,328.0,138.0,40.0,100.0,
F032,"Chiguiro, carne, salada, cruda",,63.7,134.0,563.0,22.1,45.0,1.2,0.0,8.5,,186.0,2.7,186.0,0.01,0.22,7.1,0.0,100.0,,,,,,,,,,,,
F033,"Chiguiro, pierna o pernil, cruda Pierna 700 9%",,401.0,220.0,7.0,0.0,0.0,72.0,,,,,,,,,,,,,,,,,,,,,,,
F034,"Chorizo de cerdo y res, crudo",,47.0,321.0,1334.0,24.1,23.1,4.0,0.0,18.0,,9.0,21.0,1190.0,271.0,109.0,12.0,10.0,181.0,0.12,28.0,71.0,1.0,9.0,0.0,0.0,96.0,11.0,25.0,73.0,100.0
F035,"Chorizo de pollo, crudo",,529.0,217.0,910.0,313.0,102.0,1.0,0.0,55.0,,,,,,,,,,,,,,,,,,,,,
F036,"Codomiz o perdiz, entera sin piel, cruda",,71.0,133.0,560.0,22.4,45.0,0.8,0.0,1.3,,13.0,45.0,51.0,307.0,2.0,2.7,25.0,237.0,0.28,0.28,8.2,7.0,0.46,7.0,17.0,1.3,1.3,1.2,70.0,61.0
F037,"Conejo, carne, cocida, sin sal",,59.8,198.0,833.0,304.0,84.0,3.0,0.0,11.0,,20.0,24.0,45.0,22.0,24.0,20.0,300.0,6.0,17.0,72.0,9.0,651.0,0.0,0.0,24.0,20.0,15.0,86.0,100.0,
F038,"Conejo, carne, cruda",,72.8,134.0,560.0,20.1,5.8,0.2,0.0,1.1,,22.0,16.0,41.0,220.0,30.0,14.0,25.0,343.0,10.0,14.0,73.0,8.0,716.0,0.0,0.0,26.0,17.0,18.0,56.0,57.0
F039,,,,,,,,,,,,30.0,140.0,240.0,0.24,190.0,120.0,20.0,8404.0,100.0,,,,,,,,,,,
F040,,,,,,,,,,,,37.0,9.8,240.0,0.29,2.1,9.3,10.0,140.0,100.0,,,,,,,,,,,
F041,"Cordero, carne gorda, cruda",,61.6,252.0,1044.0,168.0,20.5,0.1,0.0,1.0,,13.0,21.0,58.0,170.0,20.0,34.0,21.0,286.0,12.0,22.0,61.0,3.0,201.0,0.0,0.0,97.0,82.0,13.0,72.0,100.0
F042,,,,,,,,,,,,7.0,22.0,67.0,18.0,60.0,36.0,24.0,308.0,0.13,21.0,30.0,15.0,242.0,0.0,0.0,21.0,24.0,5.0,66.0,100.0
F045,"Cordero, corazón, crudo Corazón",,75.0,135.0,563.0,16.0,7.8,0.2,0.0,1.0,,6.0,43.0,89.0,200.0,70.0,19.0,15.0,316.0,28.0,100.0,63.0,2.0,1025.0,5.0,0.0,22.0,16.0,5.0,135.0,100.0
F046,"Cordero, hígado, crudo Higado 72,2 130 544 —",,20.3,49.0,1.1,0.0,1.5,,,,,12.0,7.4,70.0,350.0,5.0,46.0,19.0,313.0,0.23,363.0,15.2,230.0,90.05,20.0,7391.0,1.9,1.1,0.8,371.0,100.0
F047,"Cordero, riñón, crudo Riñón",,76.7,104.0,438.0,18.0,3.2,0.8,0.0,1.3,,13.0,41.0,1566.0,270.0,60.0,22.0,17.0,277.0,51.0,300.0,61.0,28.0,5241.0,10.0,9.0,10.0,6.0,5.0,337.0,100.0
F048,"Gallina, entera con piel, cruda",,61.3,256.0,1061.0,18.9,20.0,0.0,0.0,0.8,,,,,,,,,,,,,,,,,,,,,
F050,"Iguana, carne, cruda",,72.9,106.0,48.0,244.0,0.9,0.0,0.0,1.8,,,,,,,,,,,,,,,,,,,,,
F051,"Jamón de cerdo y res, tipo sánduche, precocido",,62.6,215.0,895.0,114.0,15.5,7.4,0.0,3.0,,,,,,,,,,,,,,,,,,,,,
F052,"Jamón de cerdo, crudo",,64.4,162.0,682.0,23.7,6.6,2.0,0.0,3.3,,,,,,,,,,,,,,,,,,,,,
F053,"— Cordero, carne muy gorda, cruda |",,50.8,357.0,1475.0,156.0,327.0,0.0,0.0,2.0,,22.0,13.0,1066.0,198.0,14.0,15.0,251.0,39.0,14.0,45.0,0.0,2.0,0.0,0.0,15.0,18.0,7.0,38.0,100.0,
F054,"Mortadela de cerdo y res, precocida",,52.3,298.0,1239.0,16.7,238.0,4.3,0.0,2.9,,59.0,18.0,1228.0,191.0,8.6,1.9,16.0,207.0,0.14,0.18,4.1,3.0,1.68,0.0,0.0,8.2,10.1,3.9,70.0,100.0
F055,"Mortadela de pollo, precocida 51,3 291 |",,1210.0,16.4,21.6,78.0,0.0,2.9,,,,57.0,18.0,1169.0,183.0,85.0,22.0,18.0,22.0,9.0,15.0,26.0,3.0,14.0,0.0,0.0,61.0,81.0,47.0,83.0,100.0
F056,"Pato, carne, cruda | 74,0 131 550 18,3 6,3 0,4 |",,0.0,1.0,,,,,,,,15.0,18.0,59.0,188.0,12.0,19.0,19.0,266.0,10.0,24.0,56.0,25.0,300.0,0.0,24.0,21.0,25.0,9.0,84.0,55.0
F057,"— Pavo, als sin piel, cruda Ala sin piel 749 M",,1.0,467.0,227.0,22.0,0.0,0.0,11.0,,,8.0,5.0,67.0,170.0,15.0,238.0,0.04,11.0,64.0,7.0,98.0,0.0,0.0,6.0,7.0,4.0,66.0,46.0,,
F058,"Pavo, costillar con piel, crudo Costillar",,74.0,102.0,431.0,15.0,0.9,8.4,0.0,1.7,,29.0,,,,,,,,,,,,,,,,,,,
F059,"Pavo, entero con piel, crudo",,704.0,156.0,651.0,20.9,8.0,0.0,0.0,9.0,,,,,,,,,,,,,,,,,,,,,
F060,"Pavo, entero con piel, horneado, sin sal",,62.7,181.0,760.0,28.2,7.3,0.6,0.0,1.2,,26.0,1.8,68.0,203.0,8.0,3.0,25.0,280.0,0.06,0.18,9.5,7.0,1.11,0.0,0.0,2.8,3.2,2.5,2.0,100.0
F061,"Pavo, pechuga sin piel, cruda Pechuga sin piel",,72.9,108.0,458.0,243.0,10.0,0.5,0.0,1.4,,5.0,0.9,41.0,227.0,2.0,0.8,20.0,2352.0,0.04,0.12,11.2,8.0,0.96,0.0,2.0,0.4,0.3,4.0,58.0,82.0
F062,"Pavo, pechuga sin piel, horneada, sin sal Pechuga sin piel",,65.6,194.0,608.0,30.1,2.6,0.0,0.0,1.9,,12.0,1.5,52.0,224.0,1.7,24.0,293.0,4.0,0.13,12.3,6.0,0.39,0.0,0.0,0.2,0.1,0.2,83.0,73.0,
F063,,,,,,,,,,,,24.0,10.0,233.0,160.0,3.4,15.0,133.0,0.05,0.21,49.0,5.0,176.0,0.0,13.0,1.6,18.0,53.0,,,
F065,"Pavo, pierna o pernil sin piel, horneada, sin sal Pierna sin piel",,66.5,151.0,637.0,29.72,3.8,0.0,0.0,1.0,,22.0,2.7,81.0,204.0,42.0,20.0,258.0,5.0,0.27,3.3,10.0,2.0,0.0,1.3,0.9,1.1,119.0,69.0,,
F067,"Pollo, ala con piel, asada, sin sal Ala con piel",,59.6,247.0,1030.0,238.0,16.9,0.0,0.0,0.9,,18.0,0.8,98.0,219.0,7.0,1.6,24.0,212.0,0.06,0.15,6.3,9.0,0.35,0.0,12.0,5.0,77.0,3.6,141.0,54.0
F070,,,,,,,,,,,,20.0,1.3,320.0,121.0,1.4,16.0,138.0,0.11,0.15,5.3,18.0,0.25,0.0,34.0,5.9,8.9,5.0,38.0,,
F071,"Pollo, ala sin piel, cocida, sin sal Ala sin piel",,67.0,164.0,690.0,26.9,6.3,0.0,0.0,0.7,,12.0,1.1,67.0,134.0,7.0,2.0,18.0,156.0,4.0,0.11,5.2,3.0,0.22,16.0,2.0,23.0,16.0,74.0,38.0,
F072,"— Pollo, contramuslo con piel, cocido, sin sal a",,0.0,619.0,221.0,922.0,229.0,144.0,0.0,0.0,8.0,1.0,1.4,71.0,139.0,7.0,2.2,21.0,170.0,0.06,0.19,49.0,6.0,0.19,0.0,7.0,4.1,5.8,3.2,55.0,
F073,"— Pollo, contramuslo con piel. crudo ne “",,0.0,670.0,205.0,851.0,17.1,151.0,0.0,0.0,8.0,10.0,0.7,76.0,145.0,1.6,19.0,198.0,0.07,0.15,47.0,3.0,0.62,0.0,42.0,4.3,6.3,3.3,4.0,91.0,
F074,"| Pollo, contramuslo sin piel, cocido, sin sal A SÍN.",,5648.0,185.0,777.0,247.0,97.0,0.0,0.0,9.0,,,,,,,,,,,,,,,,,,,,,
F075,,,,,,,,,,,,7.0,0.8,90.0,184.0,1.6,24.0,240.0,8.0,0.2,5.8,4.0,561.0,0.0,7.0,2.1,29.0,1.7,91.0,,
F076,,,,,,,,,,,,12.0,6.0,74.0,176.0,7.0,6.6,15.0,176.0,0.15,0.73,4.9,72.0,7.29,3.0,9.0,2.7,2.4,2.7,136.0,100.0
F077,"Pollo, entero con piel, crudo",,70.3,167.0,696.0,18.1,10.3,0.4,0.0,0.9,,1.0,0.7,70.0,200.0,1.1,1.5,24.0,239.0,8.0,0.16,5.6,5.0,374.0,2.0,16.0,2.9,3.4,4.0,75.0,60.0
F078,"Pollo, higado, cocido, sin sal Higado",,66.2,160.0,671.0,244.0,6.5,0.9,0.0,1.4,,1.0,116.0,76.0,405.0,40.0,25.0,262.0,0.29,199.0,110.0,578.0,16.85,28.0,23990.0,1.8,1.3,0.9,563.0,100.0,
F079,"Pollo, hígado, crudo Hígado",,765.0,109.0,4588.0,172.0,39.0,12.0,0.0,12.0,,11.86,79.0,272.0,30.0,31.0,21.0,2394.0,31.0,178.0,97.0,588.0,1658.0,32.0,3313.0,13.0,10.0,6.0,345.0,100.0,
F080,"Pollo, menudencias, cocidas, sin sal Mentes blancas",,677.0,145.0,611.0,261.0,45.0,0.0,0.0,16.0,,6.5,67.0,287.0,4.3,17.0,220.0,0.15,1.05,5.6,333.0,9.46,1764.0,1.3,1.0,8.0,442.0,100.0,,,
F081,"— Pollo, menudencias, crudas yoo",,73.1,139.0,581.0,174.0,70.0,15.0,0.0,10.0,,10.0,5.7,198.0,3.0,18.0,228.0,0.12,0.91,6.2,2346.0,11.28,13.0,2657.0,1.6,1.5,13.0,257.0,100.0,,
F082,"Pollo, molleja, cocida, sin sal | Molleja",,67.9,138.0,584.0,27.1,2.7,1.4,0.0,0.9,,,,,,,,,,,,,,,,,,,,,
F083,"Pollo, molleja, cruda  Molleja",,793.0,89.0,376.0,177.0,21.0,0.0,0.0,10.0,,11.0,25.0,69.0,148.0,2.7,15.0,237.0,3.0,23.0,37.0,5.0,121.0,4.0,19.0,5.0,5.0,4.0,240.0,100.0,
F084,"Pollo, pechuga con piel, cocida, sin sal Pechuga con piel",,65.8,174.0,731.0,26.9,74.0,0.0,0.0,0.8,,12.0,0.9,61.0,156.0,8.0,1.0,22.0,178.0,0.01,0.13,7.8,3.0,0.21,0.0,25.0,2.1,2.9,1.6,75.0,77.0
F087,"Pollo, pechuga sin piel, cocida, sin sal Pechuga sin piel",,675.0,141.0,597.0,284.0,30.0,3.0,0.0,59.0,,13.0,9.0,63.0,165.0,80.0,10.0,25.0,220.0,5.0,12.0,85.0,3.0,23.0,0.0,6.0,8.0,10.0,7.0,77.0,69.0
F088,,,,,,,,,,,,17.0,11.0,79.0,246.0,11.0,28.0,276.0,8.0,13.0,76.0,4.0,37.0,0.0,7.0,15.0,26.0,20.0,91.0,100.0,
F089,"— Pollo, pierna o colombina con piel, asada, sin sal ' Pierna con piel",,648.0,183.0,768.0,240.0,94.0,6.0,0.0,11.0,,,,,,,,,,,,,,,,,,,,,
F090,"Pollo, pierna o colombina con piel, cocida, sin sal Pierna con piel",,63.6,208.0,867.0,229.0,12.9,0.0,0.0,0.8,,,,,,,,,,,,,,,,,,,,,
F091,"Pollo, pierna o colombina con piel, cruda 'Piernaconpiel",,689.0,182.0,756.0,18.1,121.0,1.0,0.0,8.0,,,,,,,,,,,,,,,,,,,,,
F092,"Pollo, pierna o colombina con piel, frita, sin sal Pierna con piel",,55.3,265.0,1103.0,17.1,18.2,8.2,0.0,1.3,,,,,,,,,,,,,,,,,,,,,
F093,"— Pollo, pierna o colombina sin piel, cocida, sin sal Piernasin piel",,664.0,173.0,725.0,250.0,81.0,0.0,0.0,9.0,,,,,,,,,,,,,,,,,,,,,
F094,"Res, bofe o pulmón, crudo Pulmón",,79.4,90.0,380.0,16.6,2.5,0.3,0.0,1.2,,,,,,,,,,,,,,,,,,,,,
F095,"Res, cadera, frita, sin sal Cadera",,62.8,176.0,740.0,28.7,6.6,0.5,0.0,1.4,,10.0,30.0,78.0,245.0,90.0,52.0,31.0,390.0,7.0,26.0,59.0,5.0,200.0,0.0,1.0,24.0,25.0,9.0,86.0,100.0
F096,"Res, callo o menudo, cocido, sin sal Callo",,79.1,102.0,427.0,15.0,4.1,1.1,0.0,0.6,,81.0,6.0,68.0,65.0,17.0,16.0,42.0,0.0,2.0,16.0,3.0,72.0,0.0,0.0,14.0,16.0,2.0,157.0,100.0,
F097,"Res, callo o menudo, crudo Callo",,81.0,9.0,400.0,146.0,4.1,0.0,0.0,0.3,,67.0,8.0,97.0,63.0,14.0,13.0,67.0,3.0,11.0,7.0,5.0,139.0,0.0,0.0,16.0,15.0,2.0,122.0,100.0,
F098,"Res, carne gorda, cruda",,60.2,257.0,1066.0,184.0,20.3,0.2,0.0,0.9,,,,,,,,,,,,,,,,,,,,,
F099,"Res, carne magra, cruda",,71.6,139.0,582.0,21.8,5.7,0.0,0.0,1.2,,,,,,,,,,,,,,,,,,,,,
F100,"Res, carne semigorda, cruda",,62.0,223.0,930.0,216.0,15.1,0.3,0.0,1.0,,6.0,19.0,50.0,182.0,110.0,36.0,13.0,291.0,6.0,17.0,43.0,3.0,213.0,0.0,2.0,28.0,23.0,2.0,53.0,100.0
F101,"Res, carne semigorda, molida, cruda |",,665.0,194.0,807.0,196.0,127.0,2.0,0.0,10.0,,1.0,18.0,60.0,157.0,46.0,19.0,256.0,0.12,21.0,49.0,8.0,235.0,0.0,3.0,55.0,6.1,4.0,60.0,100.0,
F102,"Res, chunchuilo, crudo Intestino",,69.2,216.0,84.0,10.0,19.1,0.0,0.0,0.7,,,,,,,,,,,,,,,,,,,,,
F103,"Res, chunchullo, dorado, sin sal Intestino",,48.0,341.0,1415.0,245.0,26.2,1.7,0.0,2.8,,0.04,21.0,24.0,0.0,100.0,,,,,,,,,,,,,,,
F104,"Res, churrasco, asado, sin sal Ojo de costilla",,60.7,175.0,137.0,3.2,45.0,0.4,0.0,1.2,,5.0,31.0,67.0,206.0,140.0,43.0,31.0,401.0,8.0,23.0,67.0,5.0,232.0,0.0,4.0,16.0,19.0,3.0,89.0,100.0
F105,"Res, corazón, crudo Corazón TA",,106.0,45.0,168.0,3.7,1.4,0.0,10.0,,,8.0,50.0,9.0,200.0,70.0,18.0,22.0,281.0,35.0,87.0,71.0,3.0,1300.0,5.0,0.0,15.0,11.0,4.0,131.0,100.0
F106,"Res, corazón, dorado, sin sal Corazón",,51.7,260.0,1084.0,28.3,15.5,1.7,0.0,28.0,,8.0,61.0,249.0,0.49,198.0,7.2,6.0,45.0,100.0,,,,,,,,,,,
F107,"Res, costilla, cruda Costilla",,56.6,287.0,1189.0,17.1,233.0,2.3,0.0,0.8,,9.0,16.0,60.0,176.0,100.0,35.0,16.0,258.0,10.0,18.0,41.0,5.0,2.0,0.0,5.0,10.0,1.1,7.0,59.0,73.0
F108,"Res, higado, asado, sin sal Higado",,58.8,184.0,776.0,29.1,5.3,5.1,0.0,1.7,,7.0,65.0,79.0,497.0,53.0,21.0,352.0,0.19,342.0,17.5,253.0,7058.0,2.0,991.0,19.0,6.0,11.0,38.0,100.0,
F109,"Res, hígado, crudo Higado",,69.7,138.0,580.0,20.4,45.0,3.9,0.0,1.5,,9.0,84.0,76.0,240.0,30.0,40.0,20.0,318.0,0.2,252.0,129.0,293.0,5930.0,24.0,10089.0,28.0,15.0,0.1,274.0,100.0
F110,"Res, higado, dorado, sin sal Hígado",,56.0,211.0,883.0,25.9,11.0,2.1,0.0,5.0,,6.0,126.0,414.0,0.21,432.0,108.0,27.0,8404.0,100.0,,,,,,,,,,,
F111,"Res, hígado, frito, sin sal",,62.0,169.0,712.0,26.7,47.0,4.9,0.0,1.5,,6.0,71.0,77.0,485.0,5.2,22.0,351.0,0.18,342.0,17.5,260.0,8313.0,1.0,7708.0,22.0,10.0,10.0,2381.0,100.0,
F112,"Res, hueso carnudo, crudo Lomo de aguja",,69.5,164.0,686.0,21.2,8.8,0.0,0.0,1.0,,,,,,,,,,,,,,,,,,,,,
F113,"Res, lengua, cruda Lengua",,648.0,219.0,909.0,165.0,161.0,19.0,0.0,7.0,,,,,,,,,,,,,,,,,,,,,
F114,"Res, lomo, cocido, sin sal | Lomo 53,7 218 915 36,1 7,9 0,5 |",,0.0,18.0,,,,,,,,5.0,31.0,48.0,202.0,120.0,62.0,26.0,324.0,7.0,24.0,43.0,9.0,274.0,0.0,0.0,34.0,33.0,5.0,90.0,100.0
F115,"Res, pajarilla o bazo, cruda Bazo",,712.0,102.0,431.0,184.0,32.0,0.0,0.0,12.0,,10.0,445.0,85.0,270.0,21.0,22.0,429.0,0.16,37.0,84.0,4.0,568.0,41.0,0.0,10.0,8.0,2.0,263.0,100.0,
F116,"Res, pajarilla o bazo, dorada, sin sal Bazo",,63.2,156.0,655.0,26.1,5.7,0.0,0.0,5.0,,5.0,45.1,378.0,0.15,44.0,45.0,0.0,100.0,,,,,,,,,,,,
F117,"Res, pata, cruda Pata",,69.7,125.0,531.0,28.2,1.4,0.0,0.0,0.7,,15.0,65.0,41.0,0.0,29.0,292.0,0.01,20.0,4.0,0.0,0.0,0.0,0.0,0.0,49.0,,,,,
F119,"Res, riñón, crudo Riñón 807. 87 |",,365.0,153.0,28.0,1.0,0.0,11.0,,,,,,,,,,,,,,,,,,,,,,,
F120,"| Res, riñón, dorado, sin sal Riñón | 596 182 766|",,272.0,73.0,20.0,0.0,39.0,,,,,,,,,,,,,,,,,,,,,,,,
F122,"| Res, sesos, crudos | Cerebro 780) 130 542 |",,108.0,97.0,0.0,0.0,15.0,,,,,,,,,,,,,,,,,,,,,,,,
F124,"| Res, ubre, cruda | Ubre 649 230 954 | 154 |",,187.0,0.0,0.0,10.0,,,,,,,,,,,,,,,,,,,,,,,,,
F126,,,,,,,,,,,,20.0,10.0,900.0,173.0,69.0,14.0,14.0,248.0,37.0,0.17,21.0,3.048,0.0,0.0,87.0,105.0,25.0,67.0,100.0,
F128,,,,,,,,,,,,100.0,,,,,,,,,,,,,,,,,,,
F132,,,,,,,,,,,,27.0,7.0,68.0,87.0,10.0,20.0,269.0,0.2,45.0,30.0,15.0,1.0,0.0,320.0,1.0,1.0,2.0,50.0,100.0,
G001,Crema de leche,,60.7,330.0,1360.0,2.1,350.0,17.0,0.0,0.5,,68.0,0.0,46.0,61.0,2.6,80.0,3.0,16.0,0.0,4.0,19.0,1.0,3563.0,211.0,98.0,11.0,110.0,100.0,,
G002,,,,,,,,,,,,113.0,1.0,46.0,78.0,3.0,9.0,130.0,4.0,17.0,4.0,1.0,63.0,100.0,,,,,,,
G003,Lactosuero,,93.4,24.0,103.0,8.0,0.1,5.1,0.0,0.5,,103.0,1.0,48.0,78.0,0.4,10.0,143.0,0.04,0.14,1.0,2.0,18.0,0.0,2.0,1.0,0.0,0.0,1.0,100.0,
G004,"Leche de cabra, entera, líquida, cruda",,86.4,74.0,308.0,3.9,4.5,4.4,0.0,0.8,,120.0,0.1,50.0,100.0,2.0,0.4,14.0,180.0,0.06,0.14,0.3,1.0,0.07,1.0,24.0,2.5,1.0,0.1,100.0,
G005,"Leche de vaca, condensada, con azúcar",,270.0,327.0,1380.0,8.3,84.0,54.65,0.0,1.7,,270.0,2.0,123.0,230.0,740.0,9.0,26.0,362.0,0.09,39.0,2.0,11.0,44.0,1.0,90.0,55.0,24.0,3.0,34.0,100.0
G006,"Leche de vaca, descremada, en polvo",,3.2,358.0,1522.0,36.2,5.0,52.2,0.0,7.9,,1257.0,4.0,536.0,968.0,150.0,4.1,111.0,1757.0,42.0,155.0,10.0,50.0,403.0,7.0,7.0,5.0,2.0,0.0,20.0,100.0
G007,"Leche de vaca, descremada, líquida, pasteurizada",,91.0,34.0,145.0,3.3,0.1,4.9,0.0,0.7,,127.0,0.0,43.0,95.0,30.0,4.0,11.0,158.0,4.0,17.0,1.0,5.0,51.0,0.0,1.0,1.0,0.0,0.0,2.0,100.0
G008,"Leche de vaca, entera, en polvo",,26.0,499.0,2086.0,263.0,266.0,38.4,0.0,6.0,,940.0,0.5,2369.0,776.0,120.0,3.3,85.0,1318.0,0.26,1.42,0.6,37.0,23125.0,9.0,288.0,16.7,7.8,0.7,97.0,100.0
G009,,,,,,,,,,,,240.0,2.0,106.0,203.0,110.0,8.0,24.0,303.0,5.0,36.0,2.0,8.0,16.0,1.0,84.0,50.0,25.0,3.0,29.0,100.0
G010,"Leche de vaca, entera, líquida, cruda",,87.7,65.0,2.0,3.3,3.7,4.6,0.0,0.7,,120.0,2.0,49.0,95.0,90.0,4.0,12.0,153.0,4.0,18.0,1.0,5.0,36.0,2.0,43.0,23.0,11.0,1.0,14.0,100.0
G011,"Leche de vaca, entera, líquida, hervida",,88.0,62.0,258.0,3.1,3.3,4.3,0.0,0.7,,,,,,,,,,,,,,,,,,,,,
G012,"Leche de vaca, entera, líquida, pasteurizada",,89.5,55.0,231.0,3.2,3.2,3.4,0.0,0.7,,,,,,,,,,,,,,,,,,,,,
G013,"Leche humana, madura, líquida 87,4 m",,1.0,294.0,1.1,4.3,7.0,0.0,0.3,,,32.0,0.0,16.0,14.0,70.0,2.0,3.0,50.0,1.0,4.0,2.0,5.0,5.0,5.0,64.0,20.0,16.0,5.0,15.0,100.0
G014,"Queso crema, amarillo",,52.1,293.0,1214.0,16.4,25.1,0.4,0.0,6.0,,394.0,0.2,1172.0,790.0,38.5,1.6,29.0,234.0,0.02,0.38,0.1,13.0,0.39,0.0,247.0,16.4,7.6,0.8,55.0,100.0
G015,"Queso fresco, blando, magro, tipo suero costeño",,78.9,83.0,351.0,110.0,15.0,6.4,0.0,2.2,,,,,,,,,,,,,,,,,,,,,
G016,"Queso fresco, semiblando, semimagro, tipo cuajada",,62.1,207.0,862.0,152.0,15.4,2.0,0.0,5.3,,490.0,15.0,64.0,270.0,90.0,5.0,16.0,218.0,2.0,46.0,8.0,5.0,30.0,0.0,192.0,100.0,,,,
G017,"Queso fresco, semiduro, semigraso, tipo campesino",,540.0,301.0,1246.0,175.0,25.5,0.3,0.0,2.7,,586.0,4.0,325.0,385.0,29.0,21.0,98.0,3.0,32.0,2.0,5.0,30.0,0.0,420.0,142.0,10.1,11.0,94.0,100.0,
G019,"Queso fresco, semiduro, semigraso, tipo mozzarella",,50.0,296.0,1233.0,229.0,214.0,31.0,0.0,256.0,,517.0,2.0,373.0,350.0,180.0,29.0,20.0,74.0,3.0,28.0,1.0,7.0,228.0,0.0,241.0,129.0,63.0,7.0,79.0,100.0
G020,"Queso fresco, semiduro, semimagro, de pasta hilada",,53.8,249.0,10490.0,243.0,15.59,2.3,0.0,3.2,,782.0,2.0,619.0,463.0,28.0,23.0,84.0,2.0,30.0,1.0,9.0,82.0,0.0,165.0,101.0,45.0,5.0,64.0,100.0,
G021,"Queso fresco, semiduro, semimagro, tipo doble crema",,544.0,286.0,1190.0,234.0,187.0,5.9,0.0,28.0,,405.0,5.0,475.0,350.0,29.0,19.0,84.0,0.1,25.0,2.0,96.0,100.0,,,,,,,,
G022,"Queso madurado, blando, magro, tipo cottage, con crema",,79.0,101.0,423.0,12.5,4.5,2.6,0.0,1.4,,60.0,0.1,405.0,132.0,2.0,0.4,6.0,96.0,2.0,0.16,0.1,12.0,0.58,0.0,42.0,2.7,1.3,0.1,15.0,100.0
G023,"Queso madurado, blando, magro, tipo cottage, sin crema",,82.3,75.0,315.0,137.0,1.9,0.7,0.0,1.4,,59.0,2.0,406.0,151.0,240.0,4.0,5.0,72.0,2.0,0.0,16.0,1.0,13.0,62.0,0.0,20.0,6.0,3.0,0.0,4.0
G024,"Queso madurado, duro, semigraso, tipo parmesano",,29.2,389.0,1621.0,35.8,26.0,3.1,0.0,6.0,,1184.0,8.0,1602.0,69.0,20.0,28.0,44.0,92.0,4.0,33.0,3.0,7.0,120.0,0.0,181.0,164.0,68.0,3.0,68.0,100.0
G025,"Queso madurado, duro, semigraso, tipo roquefort",,39.7,372.0,1541.0,222.0,309.0,1.2,0.0,6.0,,632.0,6.0,1694.0,303.0,20.0,21.0,30.0,9.0,4.0,46.0,7.0,49.0,63.0,0.0,297.0,196.0,85.0,14.0,90.0,100.0
G026,"Queso madurado, semiduro, semigraso, tipo camembert",,51.8,300.0,1243.0,198.0,24.3,0.4,0.0,3.1,,388.0,3.0,842.0,347.0,138.0,24.0,20.0,187.0,3.0,49.0,6.0,62.0,131.0,0.0,252.0,153.0,59.0,5.0,72.0,100.0
G027,"Queso madurado, semiduro, semigraso, tipo holandés |",,416.0,248.0,1445.0,249.0,260.0,35.0,0.0,39.0,,829.0,3.0,802.0,525.0,36.0,39.0,29.0,119.0,3.0,30.0,1.0,21.0,160.0,0.0,283.0,180.0,77.0,7.0,109.0,100.0
G028,"Yogurt, bebible, entero, con azúcar",,82.6,81.0,343.0,2.9,2.8,11.2,0.0,0.5,,89.0,0.0,40.0,93.0,40.0,3.0,8.0,103.0,3.0,0.19,1.0,5.0,30.0,1.0,24.0,16.0,7.0,1.0,13.0,100.0
H001,"Agua de cebada perlada, sin azúcar BB",,12.0,51.0,1.0,0.0,29.0,2.0,,,,,,,,,,,,,,,,,,,,,,,
H004,,,,,,,,,,,,56.0,5.0,57.0,5.0,26.0,63.0,16.0,28.0,30.0,44.0,0.0,0.0,130.0,100.0,,,,,,
H006,,,,,,,,,,,,4.0,151.0,80.0,9.0,6.0,30.0,0.0,2.0,4.0,5006.0,0.0,0.0,100.0,,,,,,,
H008,,,,,,,,,,,,0.0,1.0,6.0,13.0,0.0,0.0,1.0,1.0,0.0,0.0,0.0,0.0,0.0,100.0,,,,,,
H009,,,,,,,,,,,,7.0,100.0,,,,,,,,,,,,,,,,,,
H010,| Néctar de albaricoque. con azúcar B46| 62 261 04  00| 147 |,,141.0,6.0,3.0,,,,,,,7.0,4.0,3.0,9.0,10.0,1.0,5.0,115.0,1.0,1.0,2.0,1.0,0.0,1.0,77.0,100.0,,,,
H012,,,,,,,,,,,,7.0,2.0,0.0,3.0,38.0,0.0,0.0,2.0,3.0,0.0,20.0,100.0,,,,,,,,
H014,,,,,,,,,,,,100.0,,,,,,,,,,,,,,,,,,,
H015,,,,,,,,,,,,2.0,4.0,3.0,10.0,1.0,31.0,13.0,0.0,1.0,1.0,1.0,0.0,1.0,100.0,,,,,,
H016,,,,,,,,,,,,100.0,,,,,,,,,,,,,,,,,,,
H017,"| Sabajón de tomate de árbol rojo, 14% de alcohol. 577 212|",,889.0,31.0,9.0,227.0,214.0,13.0,16.0,,,,,,,,,,,,,,,,,,,,,,
J001,,,,,,,,,,,,54.0,35.0,141.0,226.0,440.0,15.0,13.0,182.0,13.0,79.0,2.0,66.0,158.0,0.0,158.0,36.0,43.0,13.0,2.0,92.0
J002,,,,,,,,,,,,6.0,0.1,173.0,15.0,100.0,0.0,11.0,154.0,0.0,44.0,1.0,6.0,9.0,0.0,0.0,0.0,0.0,0.0,0.0,100.0
J004,,,,,,,,,,,,53.0,17.0,139.0,197.0,530.0,14.0,12.0,136.0,0.07,49.0,1.0,48.0,129.0,0.0,177.0,31.0,39.0,17.0,374.0,90.0
J005,,,,,,,,,,,,212.0,72.0,523.0,679.0,2000.0,53.0,41.0,513.0,19.0,183.0,3.0,163.0,343.0,0.0,586.0,128.0,172.0,58.0,1715.0,100.0
J006,,,,,,,,,,,,64.0,17.0,194.0,235.0,600.0,12.0,16.0,171.0,6.0,38.0,1.0,48.0,136.0,0.0,220.0,41.0,60.0,25.0,408.0,100.0
J008,,,,,,,,,,,,52.0,13.0,129.0,154.0,440.0,12.0,11.0,126.0,7.0,2.0,0.1,46135.0,1.0,122.0,31.0,42.0,13.0,381.0,90.0,
J012,,,,,,,,,,,,1.0,99.0,41.0,151.0,170.0,16.0,13.0,142.0,0.11,47.0,0.0,71.0,169.0,0.0,166.0,36.0,46.0,17.0,933.0,88.0
K001,Arequipe o dulce de leche,,28.0,320.0,1350.0,64.0,75.0,567.0,567.0,0.0,14.0,253.0,1.0,135.0,179.0,7.0,22.0,277.0,2.0,40.0,2.0,11.0,31.0,3.0,87.0,100.0,,,,,
K002,Arroz con leche,,79.0,89.0,376.0,3.3,15.0,155.0,15.4,0.1,0.7,92.0,0.4,78.0,7.0,28.0,0.4,12.0,132.0,0.1,0.13,0.3,5.0,0.36,0.0,562.0,100.0,,,,
K003,"Azúcar blanco, granulado",,5.0,397.0,1688.0,0.0,0.0,93.0,903.0,0.0,2.0,0.1,0.0,0.0,50.0,0.0,1.0,2.0,0.0,0.0,0.0,0.0,0.0,0.0,0.0,100.0,,,,,
K004,"Azúcar moreno, granulado",,16.0,390.0,1658.0,0.0,0.0,97.5,97.5,0.0,0.9,85.0,19.0,39.0,22.0,0.0,2.0,24.0,305.0,1.0,1.0,1.0,1.0,0.0,0.0,100.0,,,,,
K005,"Bocadillo o dulce de guayaba, tradicional",,19.1,332.0,1409.0,4.0,5.0,796.0,75.9,3.7,0.4,51.0,32.0,2.0,3.0,10.0,80.0,100.0,,,,,,,,,,,,,
K006,"Bocadillo o dulce de guayaba, veleño",,20.1,318.0,1352.0,0.3,0.1,79.0,0.5,,,25.0,12.0,17.0,0.02,3.0,10.0,80.0,4.0,100.0,,,,,,,,,,,
K007,"Caramelos o confites, blandos 7.2 371%",,1576.0,0.0,0.0,927.0,927.0,0.0,1.0,,,3.04,4.0,1.0,0.0,90.0,3.0,5.0,0.0,0.0,0.0,0.0,0.0,100.0,,,,,,,
K008,,,,,,,,,,,,3.0,3.0,38.0,3.0,0.0,0.0,3.0,8.0,0.0,0.0,0.0,0.0,0.0,100.0,,,,,,
K009,"Chocolate, en bolas, con panela",,6.2,419.0,1766.0,42.0,10.2,77.5,1.9,,,37.0,40.0,105.0,6.0,45.0,22.0,0.0,0.0,100.0,,,,,,,,,,,
K010,"Chocolate, en pastilla, con azúcar 3,1 |",,466.0,1958.0,3.6,16.6,75.5,1.2,,,,36.0,35.0,132.0,12.0,43.0,278.0,5.0,9.0,2.0,1.0,0.0,2.0,100.0,,,,,,,
K011,"Chocolate, en pastilla, con azúcar y leche |",,17.0,466.0,1960.0,75.0,158.0,734.0,16.0,,,,,,,,,,,,,,,,,,,,,,
K012,Chocolatina o chocolate de leche,,1.3,550.0,2296.0,5.5,31.8,60.0,59.2,0.8,1.4,159.0,16.0,63.0,210.0,300.0,10.0,55.0,371.0,27.0,34.0,8.0,11.0,71.0,0.0,54.0,100.0,,,,
K013,eS de,,4.0,438.0,1847.0,91.0,120.0,734.0,15.0,,,24.0,48.0,260.0,0.1,20.0,28.0,0.0,100.0,,,,,,,,,,,,
K014,,,,,,,,,,,,7.0,1.2,29.0,78.0,0.4,17.0,183.0,0.03,0.07,0.4,0.0,100.0,,,,,,,,
K015,"Dulce de coco, con almendras",,20.0,405.0,1717.0,19.0,17.0,99.0,9.6,33.0,4.0,32.0,6.0,33.0,55.0,432105.0,2.0,14.0,5.0,5.0,1.0,0.0,0.0,100.0,,,,,,,
K016,"Dulce de jengibre, cristalizado",,120.0,355.0,1506.0,0.4,0.5,87.0,86.8,0.2,0.1,113.0,31.0,260.0,179.0,1304.0,4.0,18.0,50.0,38.0,0.0,100.0,,,,,,,,,
K017,Dulce de lulo |,,64.0,385.0,1632.0,11.0,18.0,9.3,888.0,15.0,4.0,,,,,,,,,,,,,,,,,,,,
K018,"Gelatina con azúcar, en polvo",,16.0,392.0,1668.0,8.3,0.0,398.0,898.0,0.0,0.3,0.0,0.0,268.0,0.0,6.0,0.0,2.0,7.0,0.0,0.0,0.0,0.0,0.0,0.0,0.0,100.0,,,,
K019,"Gelatina con azúcar, líquida",,83.1,67.0,286.0,14.0,0.0,154.0,15.4,0.0,0.1,0.0,1.0,1.0,0.0,0.0,0.0,1.0,0.0,0.0,0.0,100.0,,,,,,,,,
K020,,,,,,,,,,,,566.0,40.0,29.0,0.03,0.03,0.0,0.0,100.0,,,,,,,,,,,,
K021,"Goma de mascar, con azúcar",,26.0,390.0,1655.0,0.0,3.0,967.0,967.0,0.0,4.0,0.0,6.0,0.0,9.0,0.0,2.0,0.0,0.0,0.0,0.0,0.0,0.0,0.0,100.0,,,,,,
K022,"Helado de agua, con azúcar",,89.0,44.0,185.0,0.0,0.0,10.9,10.9,0.0,0.1,0.0,0.1,7.0,0.0,0.2,1.0,15.0,0.0,0.0,0.0,0.0,0.0,0.0,0.0,100.0,,,,,
K023,Helado de crema,,628.0,196.0,822.0,32.0,103.0,228.0,228.0,0.0,9.0,100.0,1.0,61.0,120.0,320.0,4.0,13.0,183.0,4.0,26.0,0.1,5.0,47.0,0.0,72.0,100.0,,,,
K024,,,,,,,,,,,,5.0,2.0,17.0,18.0,0.1,5.0,53.0,4.0,5.0,4.0,0.13,0.0,5.0,100.0,,,,,,
K025,Manjar blanco,,15.9,330.0,1402.0,6.1,3.0,757.0,20.0,,,190.0,4.0,25.0,3.0,30.0,22.0,0.0,0.0,100.0,,,,,,,,,,,
K026,Manjar del Valle,,16.4,362.0,1530.0,7.1,7.3,67.0,2.2,,,242.0,5.0,201.0,0.05,35.0,4.0,0.0,3.0,100.0,,,,,,,,,,,
K027,Masmelos,,164.0,334.0,1421.0,18.0,2.0,813.0,81.2,0.1,0.3,3.0,2.0,47.0,8.0,0.0,2.0,5.0,0.0,0.0,1.0,1.0,0.0,0.0,100.0,,,,,,
K028,Melaza o miel negra,,240.0,264.0,1121.0,0.0,0.1,65.7,65.7,0.0,10.2,207.0,47.0,37.0,31.0,0.0,3.0,241.0,1462.0,4.0,0.0,9.0,0.0,0.0,100.0,,,,,,
K029,"Melocotón, en almibar",,79.3,85.0,361.0,0.0,0.1,204.0,19.1,13.0,2.0,3.0,3.0,6.0,1.0,15.0,1.0,5.0,95.0,1.0,2.0,6.0,4.0,0.0,3.0,17.0,100.0,,,,
L001,"| Achiote, seco",Semilla,3.1,392.0,1662.0,44.0,53.0,818.0,818.0,0.0,54.0,,,,,,,,,,,,,,,,,,,,
L004,,,,,,,,,,,,140.0,38.0,23.0,3.0,1.0,31.0,3501.0,0.0,136.0,28.1,0.0,0.0,100.0,,,,,,,
L007,,,,,,,,,,,,22.0,20720.0,228.0,2.0,51.0,424.0,29.0,24.0,33.0,32.0,1.0,100.0,,,,,,,,
L008,,,,,,,,,,,,80.0,36.0,17.0,220.0,23.0,29.0,186.0,432.0,4.0,4.0,11.0,6.0,28.0,2.0,100.0,,,,,
L010,"| Jengibre, crudo 98 | 391|1651| 90 42 723| 582 |",,141.0,48.0,,,,,,,,109.0,198.0,27.0,160.0,36.0,214.0,1320.0,5.0,18.0,96.0,13.0,0.0,18.0,93.0,,,,,,
L014,"| Polen, seco | 56 | 426 | 1797 225 58 638 494 |",,144.0,23.0,,,,,,,,,,,,,,,,,,,,,,,,,,,
L016,| Salsa de mostaza | 760) 107| 4499 36 33 141|,,109.0,32.0,30.0,,,,,,,76.0,18.0,1206.0,18.0,30.0,8.0,55.0,142.0,9.0,7.0,5.0,8.0,0.0,0.0,4.0,100.0,,,,
L017,' Salsa de tomate 708 | 109 463 13 03|,,250.0,242.0,8.0,26.0,,,,,,,,,,,,,,,,,,,,,,,,,
N004,,,,,,,,,,,,5.0,9.0,860.0,169.0,70.0,20.0,18.0,19.0,73.0,22.0,43.0,5.0,47.0,0.0,0.0,29.0,33.0,11.0,58.0,100.0
N006,,,,,,,,,,,,128.0,0.1,62.0,112.0,48.0,0.6,15.0,204.0,0.07,0.25,0.1,16.0,0.3,1.0,10.0,0.8,0.3,0.0,6.0,100.0
O001,,,,,,,,,,,,18.0,1.3,2.0,7.0,6.0,58.0,554.0,12.0,5.0,0.0,0.0,0.0,,,,,,,,
O005,,,,,,,,,,,,13.0,28.0,82.0,180.0,50.0,40.0,15.0,385.0,0.11,49.0,38.0,5.0,113.0,0.0,0.0,7.0,10.0,2.0,57.0,100.0
O007,,,,,,,,,,,,25.0,7.0,35.0,0.03,3.0,0.1,100.0,,,,,,,,,,,,,
O008,,,,,,,,,,,,10.0,5.0,87.0,203.0,50.0,24.0,20.0,420.0,92.0,29.0,69.0,3.0,61.0,0.0,2.0,12.0,16.0,7.0,67.0,100.0
O016,,,,,,,,,,,,23.0,11.0,1.0,30.0,0.0,12.0,505.0,5.0,6.0,39.0,0.0,15.0,1.0,85.0,,,,,,
O018,,,,,,,,,,,,18.0,12.0,34.0,232.0,25.0,28.0,375.0,102.0,33.0,48.0,1.0,73.0,0.0,2.0,14.0,15.0,4.0,41.0,100.0,
O019,,,,,,,,,,,,36.0,15.0,5.0,20.0,12.0,33.0,244.0,36.0,12.0,22.0,65.0,0.0,33.0,51.0,40.0,,,,,
O024,,,,,,,,,,,,41.0,1.9,3.0,16.0,0.6,23.0,159.0,0.04,0.04,1.0,23.0,0.0,28.0,2.0,83.0,,,,,
O028,,,,,,,,,,,,40.0,13.0,15.0,62.0,110.0,8.0,10.0,130.0,0.0,38.0,25.0,0.0,0.0,0.0,0.0,331.0,320.0,137.0,26.0,100.0
O034,,,,,,,,,,,,14.0,4.0,0.0,28.0,0.0,1.0,7.0,172.0,5.0,4.0,0.0,5.0,0.0,23.0,17.0,94.0,,,,
O035,,,,,,,,,,,,20.0,5.0,0.0,4.0,3.0,0.0,15.0,50.0,,,,,,,,,,,,
O058,,,,,,,,,,,,9.0,30.0,0.0,0.0,0.0,0.0,0.0,0.0,100.0,,,,,,,,,,,
O064,,,,,,,,,,,,5.0,1.5,66.0,195.0,2.0,2.0,14.0,302.0,0.06,0.21,5.4,10.0,1.68,0.0,0.0,1.5,1.7,1.0,71.0,
O066,,,,,,,,,,,,34.0,,,,,,,,,,,,,,,,,,,
O068,,,,,,,,,,,,3.0,6.0,4.0,3.0,0.0,82.0,32.0,89.0,,,,,,,,,,,,
O069,,,,,,,,,,,,12.0,0.9,73.0,132.0,5.9,1.3,19.0,170.0,5.0,0.09,5.9,5.0,0.31,0.0,4.0,4.5,6.3,3.4,71.0,
O074,,,,,,,,,,,,1.0,1.4,75.0,149.0,7.0,2.6,20.0,183.0,0.06,0.22,5.2,7.0,0.21,0.0,19.0,24.0,3.7,2.2,90.0,50.0
O082,,,,,,,,,,,,17.0,3.2,56.0,189.0,44.0,3.0,179.0,0.03,0.21,3.1,5.0,1.04,0.0,0.0,0.7,0.5,4.0,370.0,100.0,
O084,,,,,,,,,,,,4.0,0.7,38.0,0.2,0.04,0.04,0.6,0.0,15.0,16.0,50.0,,,,,,,,,
O085,,,,,,,,,,,,31.0,7.0,174.0,18.0,8.0,25.0,258.0,7.0,9.0,99.0,4.0,34.0,0.0,24.0,27.0,38.0,20.0,64.0,93.0,
O086,,,,,,,,,,,,11.0,1.0,53.0,260.0,7.0,0.9,25.0,252.0,0.09,0.12,9.6,5.0,0.34,0.0,6.0,1.0,1.2,0.6,86.0,100.0
O089,,,,,,,,,,,,222.0,42.0,18.0,277.0,0.0,61.0,,,,,,,,,,,,,,
O090,,,,,,,,,,,,26.0,7.0,4.0,288.0,15.0,3.0,40.0,270.0,10.0,3.0,5.0,7.0,0.0,22.0,10.0,84.0,,,,
O092,,,,,,,,,,,,11.0,14.0,279.0,1588.0,55.0,22.0,24.0,189.0,0.1,22.0,73.0,13.0,29.0,0.0,43.0,27.0,85.0,16.0,93.0,42.0
O094,,,,,,,,,,,,13.0,75.0,198.0,220.0,16.0,14.0,340.0,5.0,23.0,40.0,11.0,381.0,39.0,14.0,9.0,6.0,3.0,242.0,90.0,
O098,,,,,,,,,,,,8.0,15.0,58.0,174.0,100.0,35.0,19.0,267.0,9.0,16.0,32.0,6.0,222.0,0.0,0.0,69.0,62.0,1.0,63.0,100.0
P001,"Achira, sin cáscara, cocida, sin sal Raiz",,40.2,244.0,1035.0,234.0,0.2,544.0,485.0,59.0,18.0,,,,,,,,,,,,,,,,,,,,
P002,"Achira, sin cáscara, cruda Raiz",,84.4,58.0,248.0,0.9,0.2,130.0,125.0,0.5,1.5,26.0,8.0,53.0,677.0,4.0,1.0,3.0,0.0,0.0,2.0,65.0,,,,,,,,,
P003,"Ackee, crudo Pulpa sinsemillas",,720.0,153.0,637.0,29.0,90.0,150.0,1.1,,,30.0,7.0,31.0,37.0,0.0,6.0,38.0,270.0,3.0,7.0,6.0,41.0,0.0,30.0,,,,,,
P004,"Almidón de arracacha, crudo",,6.2,371.0,1576.0,0.5,0.5,910.0,90.5,0.5,1.9,0.0,100.0,,,,,,,,,,,,,,,,,,
P005,"Almidón de malanga, crudo 141 3UY",,8.0,1475.0,18.0,13.0,822.0,82.2,0.0,0.7,,,,,,,,,,,,,,,,,,,,,
P007,"Arazá, crudo Pulpa sinsemillas",,912.0,42.0,175.0,11.0,11.0,65.0,56.0,9.0,2.0,4.0,8.0,28.0,4.0,14.0,22.0,0.0,77.0,,,,,,,,,,,,
P008,,,,,,,,,,,,29.0,10.0,37.0,0.14,7.0,9.0,0.0,10.0,100.0,,,,,,,,,,,
P009,"Árbol del pan, crudo Pulpa sin semillas",,74.2,115.0,487.0,28.0,0.6,223.0,174.0,49.0,0.1,,,,,,,,,,,,,,,,,,,,
P010,"Árbol del pan, semilla, crudo",Semilla,478.0,242.0,1017.0,7.4,5.6,378.0,32.6,5.2,1.4,32.0,0.5,25.0,73.0,0.9,54.0,941.0,0.2,0.07,0.8,53.0,0.0,7.0,1.0,68.0,,,,,
P011,"Asaií, cocido, sin sal Pulpa sin semillas",,44.3,378.0,1566.0,46.0,259.0,224.0,238.0,186.0,28.0,,,,,,,,,,,,,,,,,,,,
P012,"Asaí, crudo Pulpa sin semillas",,443.0,385.0,1593.0,38.0,30.6,17.5,5.0,125.0,3.9,,,,,,,,,,,,,,,,,,,,
P013,"Asaí, deshidratado Pulpa sin semillas",,46.0,391.0,1659.0,0.1,14.0,939.0,927.0,11.0,0.0,0.0,100.0,,,,,,,,,,,,,,,,,,
P014,"Asai, liofilizado Pulpa sin semillas",,2.6,691.0,2859.0,16.0,516.0,437.0,214.0,223.0,0.4,228.0,84.0,225.0,20.6,202.0,429.0,0.0,0.0,100.0,,,,,,,,,,,
P015,"Banano chiro, crudo '",Pulpa,682.0,126.0,535.0,15.0,1.0,289.0,269.0,20.0,13.0,,,,,,,,,,,,,,,,,,,,
P016,"Banano pacífico, crudo",Pulpa,71.2,112.0,475.0,1.1,0.2,26.4,1.1,,,6.0,4.0,22.0,0.04,4.0,6.0,0.0,15.0,90.0,65.0,,,,,,,,,,
P017,"Borojó, crudo ' Pulpa sin semillas 64.0 140 59%",,30.0,6.0,305.0,18.0,,,,,,51.0,59.0,2.0,15.0,38.0,464.0,30.0,12.0,23.0,3.0,60.0,,,,,,,,,
P018,,,,,,,,,,,,12.0,3.0,1.0,9.0,6.0,21.0,72.0,0.25,0.0,14.0,8.0,,,,,,,,,
P019,"Cacao silvestre, semilla, crudo",Semilla,32.0,604.0,2609.0,130.0,46.0,344.0,344.0,0.0,34.0,,,,,,,,,,,,,,,,,,,,
P020,"Cactus, crudo",Tallo,96.9,8.0,34.0,0.5,0.1,1.1,0.8,0.3,1.3,0.4,32.0,199.0,0.0,,,,,,,,,,,,,,,,
P022,"Camu-camu, crudo Pulpa sin semillas 92,1 32|",,135.0,0.5,0.1,7.1,6.8,0.3,0.2,,,28.0,5.0,15.0,0.01,4.0,6.0,0.0,2125.0,58.0,,,,,,,,,,,
P023,"Carambolo, maduro, crudo Pulpa sin semillas",,95.2,25.0,104.0,4.0,1.0,42.0,14.0,28.0,2.0,28.0,1.0,84.0,1080.0,1.0,2.0,0.0,12.0,0.0,13.0,4.0,74.0,,,,,,,,
P024,"Carambolo, maduro, deshidratado Pulpa sin semillas 4.8 |",,379.0,1609.0,0.7,24.0,88.8,3.3,,,,34.0,2.8,1.0,24.0,1080.0,0.0,13.0,100.0,,,,,,,,,,,,
P025,"Carambolo, pintón, crudo Pulpa sin semillas",,95.1,25.0,105.0,4.0,1.0,4.2,1.4,28.0,0.2,,,,,,,,,,,,,,,,,,,,
P026,"Carambolo, pintón, deshidratado Pulpa sin semillas",,49.0,378.0,1603.0,0.7,2.2,88.8,3.4,,,20.0,27.0,0.0,92.0,1165.0,0.0,17.0,100.0,,,,,,,,,,,,
P027,"Carambolo, verde, crudo Pulpa sin semillas",,95.2,24.0,102.0,3.0,1.0,41.0,13.0,28.0,2.0,32.0,37.0,1.0,94.0,1170.0,2.0,2.0,4.0,12.0,0.0,14.0,4.0,76.0,,,,,,,
P028,"Carambolo, verde, deshidratado Pulpa sin semillas",,48.0,375.0,159.0,0.7,1.7,89.3,3.5,,,32.0,3.7,1.0,1170.0,0.0,14.0,100.0,,,,,,,,,,,,,
P029,,,,,,,,,,,,39.0,11.0,90.0,60.0,10.0,5.0,46.0,375.0,1.0,4.0,4.0,68.0,0.0,4.0,3.0,85.0,,,,
P030,"Cardón Guajiro, asado, sin sal",Tallo,94.5,22.0,92.0,0.8,0.1,3.2,0.7,2.5,1.3,59.0,2.0,6.0,491.0,0.0,6.0,100.0,,,,,,,,,,,,,
P031,"Carurú, cocido, sin sal",Hoja,907.0,44.0,185.0,27.0,6.0,52.0,15.0,37.0,9.0,9.0,12.0,1.0,15.0,1.0,3.0,25.0,152.0,6.0,2.0,0.0,0.0,0.0,100.0,,,,,,
P032,"Carurú, crudo",Hoja,90.7,39.0,164.0,2.6,0.3,4.8,1.6,3.2,1.6,13.0,1.0,26.0,0.0,5.0,52.0,358.0,5.0,2.0,0.0,0.0,5.0,1.0,100.0,,,,,,
P033,"Casabe de yuca, asado, con sal",,137.0,341.0,1451.0,16.0,2.0,833.0,12.0,,,,,,,,,,,,,,,,,,,,,,
P034,"Cedro macho, crudo Pulpa sin semillas",,83.4,68.0,289.0,0.7,0.1,154.0,14.0,1.4,0.4,,,,,,,,,,,,,,,,,,,,
P035,"Champa, cruda Pulpa sin semillas",,80.5,77.0,327.0,4.0,1.0,186.0,4.0,,,21.0,8.0,12.0,13.0,0.1,12.0,192.0,2.0,2.0,2.0,14.0,0.0,13.0,5.0,80.0,,,,,
P036,"Chicozapote, crudo Pulpa sin semillas",,780.0,102.0,431.0,0.6,11.0,199.0,146.0,5.3,0.4,,,,,,,,,,,,,,,,,,,,
P037,,,,,,,,,,,,22.0,9.0,0.0,0.0,20.0,3.0,6.0,0.0,0.0,100.0,,,,,,,,,,
P038,,,,,,,,,,,,4.0,30.0,165.0,7.0,26.0,0.0,27.0,77.0,,,,,,,,,,,,
P039,"Chupa, cruda Pulpa sin semillas",,534.0,231.0,968.0,44.0,100.0,308.0,14.0,,,38.0,10.0,83.0,19.0,5.0,10.0,0.0,5.0,3260.0,70.0,,,,,,,,,,
P040,"Ciruela joba, cruda Pulpa sin semilla 82,1 714 Y",,0.7,0.1,16.2,13.9,2.3,0.8,,,,,,,,,,,,,,,,,,,,,,,
P041,"Cocona, cruda Pulpa sin semillas",,79.0,85.0,359.0,7.0,1.0,195.0,179.0,16.0,7.0,,,,,,,,,,,,,,,,,,,,
P042,"Coconilla, cocida, sin sal Pulpa sin semillas",,80.8,78.0,331.0,1.9,0.7,147.0,11.6,3.1,2.0,45.0,7.0,0.0,38.0,2.0,45.0,8.0,0.0,0.0,34.0,,,,,,,,,,
P043,"Coconilla, cruda ' Pulpa sin semillas",,80.8,92.0,388.0,22.0,9.0,149.0,72.0,77.0,11.0,,,,,,,,,,,,,,,,,,,,
P044,"| Concha de caimán, cruda",Pulpa,743.0,105.0,445.0,43.0,2.0,191.0,139.0,52.0,22.0,,,,,,,,,,,,,,,,,,,,
P045,"Copoazú, crudo Pulpa sin semillas",,89.0,50.0,211.0,1.2,10.0,75.0,45.0,3.1,1.2,50.0,5.0,3.0,21.0,3.0,18.0,331.0,37.0,4.0,43.0,0.0,23.0,62.0,,,,,,,
P046,,,,,,,,,,,,20.0,10.0,40.0,0.12,5.0,10.0,0.0,5.0,50.0,,,,,,,,,,,
P047,"- Cucurito, cocido, sin sal ' Pulpasin semillas",,45.5,337.0,1402.0,29.0,204.0,294.0,169.0,125.0,18.0,,,,,,,,,,,,,,,,,,,,
P048,"Cucurito, crudo Pulpa sin semillas",,45.5,334.0,1387.0,26.0,194.0,30.6,174.0,13.2,1.9,25.0,12.0,2.0,72.0,4.0,8.0,28.0,808.0,38.0,14.0,8.0,60.0,0.0,1.0,30.0,,,,,
P049,"Cucurito, semilla, cocido, sin sal",Semilla,438.0,425.0,1753.0,41.0,36.1,139.0,0.0,139.0,2.1,49.0,19.0,0.0,326.0,6.0,13.0,99.0,430.0,0.05,50.0,0.0,19.0,,,,,,,,
P050,"Cucurito, semilla, crudo",Semilla,438.0,376.0,1560.0,54.0,236.0,25.2,44.0,20.8,2.0,67.0,28.0,11.0,412.0,7.0,17.0,123.0,541.0,0.08,80.0,0.0,1.0,16.0,,,,,,,
P051,"Ductú simple, sin cáscara, cocido, sin sal Médula 78,3 9%",,3907.0,8.0,1.0,202.0,158.0,44.0,6.0,,,16.0,4.0,5.0,2.0,3.0,24.0,201.0,8.0,5.0,10.0,0.0,69.0,,,,,,,,
P052,"Ductú simple, sin cáscara, crudo Médula",,78.2,93.0,393.0,9.0,0.1,201.0,160.0,40.0,0.7,21.0,5.0,0.0,6.0,2.0,4.0,37.0,258.0,5.0,2.0,20.0,0.0,1.0,38.0,,,,,,
P053,Dulce de borojó,,74.0,383.0,1624.0,9.0,22.0,89.1,877.0,14.0,3.0,,,,,,,,,,,,,,,,,,,,
P054,,,,,,,,,,,,58.0,26.0,54.0,84.0,0.0,,,,,,,,,,,,,,,
P055,"Emi, crudo Pulpa sin semillas",,70.2,143.0,600.0,26.0,1.0,264.0,133.0,13.1,8.0,76.0,6.0,7.0,260.0,0.0,,,,,,,,,,,,,,,
P056,"Guáimaro o ramón, cocido, sin sal Pulpa sin semillas 596 168 | qu 6,7 2,2 29,3 |",,27.0,2.3,2.2,,,,,,,48.0,13.0,7.0,929.0,0.0,100.0,,,,,,,,,,,,,,
P057,"Guayaba de morrocoy, cruda Pulpa sin semillas",,91.1,42.0,177.0,13.0,2.0,69.0,28.0,4.1,0.6,33.0,3.0,12.0,238.0,0.0,,,,,,,,,,,,,,,
P058,"Harina de achira, cruda",,94.0,361.0,1535.0,0.2,0.0,90.1,0.3,,,,,,,,,,,,,,,,,,,,,,
P059,"Harina de semillas de calabazo o totumo, cruda",,5.6,605.0,2509.0,27.7,488.0,129.0,11.2,17.0,50.0,,,,,,,,,,,,,,,,,,,,
P060,,,,,,,,,,,,9.0,11.0,1.0,42.0,4.0,37.0,439.0,11.0,6.0,16.0,59.0,0.0,0.0,17.0,100.0,,,,,
P061,"Iguaraya, cruda Pulpa sin semillas",,384.5,72.0,304.0,10.0,4.0,135.0,81.0,54.0,0.56,22.0,5.0,1.0,2.0,5.0,15.0,6.0,20.0,270.0,6.0,2.0,6.0,7.0,0.0,18.0,2.0,84.0,,,
P062,Jute de papa criolla,,68.3,123.0,524.0,2.3,0.0,28.5,0.9,,,17.0,16.0,59.0,0.0,1.0,1.0,30.0,2.0,0.0,0.0,100.0,,,,,,,,,
P063,"Majua o cubio, con cáscara, crudo Médula y corteza",,67.8,135.0,572.0,58.0,24.0,226.0,1.4,,,12.0,10.0,20.0,67.0,0.4,0.0,0.0,10.0,7.0,13.0,0.0,11.0,95.0,,,,,,,
P064,"Malanga, sin cáscara, cruda Raiz/Cormo",,71.3,120.0,506.0,1.5,0.3,258.0,21.7,4.11,1.1,43.0,6.0,11.0,65.0,2.0,33.0,554.0,9.0,3.0,6.0,22.0,0.0,5.0,4.0,69.0,,,,,
P065,"Mamo, crudo 79,0 82 yu",,12.0,4.0,185.0,0.9,,,,,,13.0,9.0,12.0,36.0,0.0,,,,,,,,,,,,,,,
P066,"Maputo, crudo",,28.0,304.0,1286.0,6.4,43.0,59.9,1.4,,,54.0,38.0,18.0,219.0,101.0,0.0,,,,,,,,,,,,,,
P067,"Milpesos, cocida, sin sal Pulpa sin semillas",,50.6,319.0,1324.0,33.0,237.0,194.0,1.83,77.0,30.0,,,,,,,,,,,,,,,,,,,,
P068,"Milpesos, cruda Pulpa sin semillas",,40.8,403.0,1671.0,32.0,294.0,247.0,112.0,1314.0,1.8,51.0,21.0,2.0,41.0,0.0,13.0,83.0,1.0,2.09,390.0,0.0,0.0,35.0,,,,,,,
P069,"Moriche, crudo Pulpa sin semillas",,599.0,2906.0,1224.0,23.0,25.1,118.0,49.0,70.0,9.0,7.0,0.8,12.0,27.0,17.0,20.0,232.0,12.0,17.0,3.0,0.0,23.0,,,,,,,,
P070,"Níspero del Japón, crudo Pulpa sin semillas",,88.0,51.0,217.0,4.0,2.0,110.0,90.0,20.0,4.0,24.0,0.3,1.0,14.0,1.0,0.0,12.0,266.0,0.03,0.05,0.3,14.0,0.0,2.0,79.0,65.0,,,,
P071,,,,,,,,,,,,50.0,27.0,8.0,927.0,4.0,0.0,100.0,,,,,,,,,,,,,
P072,"Ñame, con cáscara, crudo Médula y corteza",,5689.0,131.0,554.0,22.0,4.0,276.0,235.0,4.1,0.9,7.0,41.0,0.2,0.14,3.0,3.0,0.0,6.0,7.0,100.0,,,,,,,,,,
P073,"Ñame, sin cáscara, cocido Médula",,70.1,125.0,530.0,15.0,0.1,276.0,237.0,39.0,0.7,14.0,5.0,49.0,2.0,18.0,670.0,0.0,2.0,6.0,16.0,0.0,12.0,0.0,100.0,,,,,,
P074,"Ñame, sin cáscara, crudo Médula",,71.1,121.0,512.0,2.0,0.2,259.0,21.8,4.1,0.9,16.0,0.5,9.0,55.0,0.2,21.0,816.0,0.12,0.03,0.6,23.0,0.0,13.0,7.0,5.0,,,,,
P075,"Oca oibía, con cáscara, cruda - Médula y corteza",,846.0,77.0,322.0,1.1,1.0,133.0,41.0,92.0,9.0,,,,,,,,,,,,,,,,,,,,
P076,"Oca oibia, sin cáscara, cruda Médula",,87.2,52.0,220.0,14.0,4.0,10.7,0.3,,,7.0,0.0,0.1,0.0,0.0,0.0,382.0,95.0,,,,,,,,,,,,
P077,"Olloco o chugua, con cáscara, cruda Médula y corteza",,87.7,50.0,211.0,14.0,5.0,97.0,94.0,3.0,6.0,15.0,7.0,577.0,4.0,3.0,0.0,0.0,20.0,100.0,,,,,,,,,,,
P078,"Olloco o chugua, sin cáscara, cruda Médula y corteza",,84.1,60.0,257.0,15.0,0.0,136.0,0.8,,,3.0,11.0,11.0,28.0,0.3,0.05,3.0,2.0,0.0,11.0,865.0,,,,,,,,,
P079,"Ortiga, cruda",Tallo,87.7,60.0,253.0,7.0,0.0,108.0,39.0,69.0,8.0,14.0,2.0,4.0,7.0,3.0,57.0,137.0,1.0,16.0,4.0,14.0,0.0,101.0,,,,,,,
P080,"Paja toquilla, cruda Hojas",,905.0,42.0,176.0,34.0,20.0,26.0,1.5,,,,,,,,,,,,,,,,,,,,,,
P081,,,,,,,,,,,,18.0,3.0,38.0,30.0,0.0,2.0,3.0,2.0,0.0,,,,,,,,,,,
P082,,,,,,,,,,,,15.0,35.0,15.0,36.0,0.0,,,,,,,,,,,,,,,
P083,"Piña india, cruda",Pulpa,871.0,54.0,229.0,5.0,2.0,120.0,107.0,13.0,3.0,,,,,,,,,,,,,,,,,,,,
P084,"Piña uva hartón, cruda",Pulpa,77.6,82.0,350.0,3.6,0.1,16.7,2.0,,,,,,,,,,,,,,,,,,,,,,
P085,"Sacha inchi, cruda Nuez",,5.2,667.0,2758.0,15.8,60.2,15.5,3.4,,,0.0,100.0,,,,,,,,,,,,,,,,,,
P086,"Termita, cocida, con sal",,42.0,237.0,998.0,33.1,13.0,16.0,15.0,14.4,5.5,44.0,922.0,1264.0,408.0,4.0,57.0,66.0,477.0,0.11,0.0,0.01,100.0,,,,,,,,
P087,"Termita, cruda",,44.2,247.0,1040.0,350.0,6.0,176.0,22.0,154.0,256.0,50.0,821.0,29.0,366.0,7.0,63.0,78.0,652.0,0.04,0.0,60.0,0.0,100.0,,,,,,,
P088,"Trigo amazónico, crudo",Semilla,148.0,344.0,1450.0,11.4,1.7,70.7,1.3,,,12.0,11.0,12.0,3.1,107.0,371.0,0.0,100.0,,,,,,,,,,,,
P090,"Tuna, cruda Pulpa sin semillas",,83.7,72.0,304.0,1.2,0.2,13.9,8.9,5.0,1.0,,,,,,,,,,,,,,,,,,,,
P091,,,,,,,,,,,,13.0,16.0,32.0,27.0,2718.0,15.0,3.0,16.0,0.0,65.0,100.0,,,,,,,,,
P094,"| Yuca brava, sin cáscara, cruda Pulpa 624 147 624 05 0,1 |",,36.0,1.0,,,,,,,,,,,,,,,,,,,,,,,,,,,
R004,"| Bienestarina MásW, precocida, en polvo, sabor natural | 90 354/1498 210  30| 60,0 587 |",,13.0,7.0,,,,,,,,800.0,105.0,67.0,600.0,10.5,123.0,100.0,123.0,382.0,233.0,45.0,116.0,15.0,6.0,7.0,100.0,,,,
R006,,,,,,,,,,,,125.0,15.0,75.0,100.0,15.0,0.15,20.0,22.0,48.0,35.0,15.0,50.0,100.0,,,,,,,
S001,"Ajiaco santafereño 80,2 82 YB",,64.0,8.0,113.0,91.0,2.2,1.3,,,,15.0,7.0,248.0,6.0,238.0,3.0,0.0,5.0,3.407,2.0,3.0,3.0,332.0,95.0,,,,,,
S002,,,,,,,,,,,,20.0,7.0,480.0,0.7,210.0,1.0,1.0,0.0,0.0,26.0,8.0,11.0,24.0,0.0,100.0,,,,,
S003,Arroz clavado,,59.9,182.0,765.0,64.0,55.0,264.0,259.0,5.0,18.0,84.0,4.0,553.0,9.0,52.0,2.0,0.0,0.0,0.0,21.0,8.0,16.0,21.0,15.0,100.0,,,,,
S005,,,,,,,,,,,,7.0,2.0,132.0,30.0,4.0,15.0,125.0,2.0,3.0,16.0,5.0,5.0,7.0,14.0,100.0,,,,,
S006,"Carimañola, con queso, precocida",,458.0,295.0,1231.0,58.0,174.0,28.6,2.3,,,100.0,,,,,,,,,,,,,,,,,,,
S007,,,,,,,,,,,,24.1,1080.0,220.0,175.0,2.0,0.0,5.0,19.0,29.0,55.0,8.0,100.0,,,,,,,,
S008,,,,,,,,,,,,29.0,12.0,401.0,87.0,40.0,12.0,23.0,269.0,3.0,8.0,8.0,21.0,39.0,0.0,34.0,13.0,14.0,4.0,9.0,100.0
S009,"Chocolate, en aqua (50%) y leche de vaca entera (50%)",,82.0,374.0,234.0,236.0,103.0,93.0,10.0,7.0,,112.0,5.0,53.0,101.0,420.0,4.0,19.0,112.0,4.0,0.11,5.0,5.0,57.0,0.0,27.0,19.0,9.0,1.0,10.0,100.0
S010,Cuy asado,,499.0,229.0,964.0,244.0,78.0,148.0,13.7,1.1,3.1,37.0,29.0,758.0,1.9,245.0,0.33,0.02,2.0,1.0,485.0,32.0,21.0,24.0,9.0,78.0,,,,,
S011,"Empanada de pipián, frita | _ 314 396 1650 47 263 YW",,46.0,335.0,11.0,30.0,,,,,,,,,,,,,,,,,,,,,,,,,
S012,,,,,,,,,,,,6.0,4.0,132.0,25.0,4.0,60.0,125.0,2.0,33.0,10.0,0.0,5.0,5.0,7.0,14.0,100.0,,,,
S013,"Envuelto de plátano maduro, precocido",,60.1,158.0,672.0,16.0,0.1,376.0,373.0,3.0,0.6,,,,,,,,,,,,,,,,,,,,
S014,"Envuelto de yuca, precocido",,64.7,141.0,597.0,0.6,0.1,343.0,0.3,,,12.0,1.0,28.0,0.04,0.03,2.0,0.0,100.0,,,,,,,,,,,,
S015,Friche de chivo,,529.0,243.0,1016.0,297.0,129.0,16.0,8.0,8.0,29.0,,,,,,,,,,,,,,,,,,,,
S016,"Guacamole, crudo",,68.2,184.0,763.0,0.1,127.0,163.0,14.6,1.7,2.6,10.0,4.0,137.0,33.0,20.0,3.0,19.0,371.0,9.0,12.0,10.0,14.0,0.0,11.0,27.0,79.0,15.0,0.0,100.0,
S017,tim,,51.0,252.0,1057.0,11.7,123.0,231.0,220.0,1.1,1.8,65.0,24.0,333.0,112.0,130.0,22.0,20.0,230.0,0.21,0.16,33.0,48.0,100.0,0.0,23.0,41.0,50.0,19.0,27.0,100.0
S020,,,,,,,,,,,,79.0,3.0,246.0,0.5,220.0,5.0,0.0,0.0,1.0,17.0,19.0,8.0,12.0,9.0,100.0,,,,,
S021,"Mute santandereano 79,1 113 470 8,1 6,1 54] :235]",,19.0,1.3,,,,,,,,,,,,,,,,,,,,,,,,,,,
S022,,,,,,,,,,,,36.0,2.7,1070.0,47.0,12.0,0.0,0.0,0.0,11.45,18.0,29.0,46.0,77.0,100.0,,,,,,
S023,Rundown,,680.0,136.0,574.0,82.0,21.0,202.0,185.0,17.0,1.5,,,,,,,,,,,,,,,,,,,,
S025,Sancocho valluno de gallina,,740.0,121.0,509.0,16.4,4.0,42.0,29.0,13.0,14.0,,,,,,,,,,,,,,,,,,,,
S026,Sopa de arroz,,84.8,68.0,287.0,3.7,2.2,8.4,0.9,,,,,,,,,,,,,,,,,,,,,,
S027,Sopa de tortillas 87.1 567 232 |,,1.7,1.1,93.0,8.1,12.0,8.0,,,,4.0,7.0,167.0,10.0,216.0,0.01,2.0,3.0,2.0,2.0,0.0,4.0,100.0,,,,,,,
T002,,,,,,,,,,,,25.0,15.0,2.0,9.0,20.0,10.0,29.0,203.0,17.0,7.0,9.0,65.0,0.0,0.0,8.0,100.0,,,,
T003,,,,,,,,,,,,560.0,46.0,15.0,346.0,70.0,35.0,119.0,95.0,78.0,16.0,31.0,274.0,0.0,2.0,22.0,100.0,,,,
T005,,,,,,,,,,,,1335.0,62.0,15.0,361.0,16.0,37.0,184.0,1774.0,44.0,17.0,20.0,388.0,0.0,0.0,0.0,100.0,,,,
T007,,,,,,,,,,,,81.0,57.0,16.0,39.0,35.0,178.0,1123.0,73.0,18.0,21.0,630.0,0.0,3.0,2.0,100.0,,,,,
T008,,,,,,,,,,,,147.0,55.0,5.0,407.0,35.0,175.0,1185.0,78.0,16.0,22.0,364.0,0.0,3.0,100.0,,,,,,
T009,,,,,,,,,,,,129.0,61.0,5.0,413.0,27.0,11.0,1460.0,32.0,23.0,16.0,44.0,0.0,0.0,100.0,,,,,,
T012,"Frijol cargamanto rosado, crudo Semilla 119 |",,370.0,1564.0,21.0,12.0,624.0,497.0,127.0,3.5,,157.0,68.0,43.0,25.0,182.0,1464.0,77.0,21.0,19.0,463.0,0.0,0.0,0.0,100.0,,,,,,
T014,"Frijol mungo, crudo",Semilla,115.0,375.0,1585.0,239.0,11.0,592.0,430.0,163.0,42.0,,,,,,,,,,,,,,,,,,,,
T015,,,,,,,,,,,,155.0,50.0,344.0,29.0,210.0,1352.0,38.0,12.0,40.0,0.0,2.0,2.0,100.0,,,,,,,
T016,,,,,,,,,,,,120.0,53.0,6.0,418.0,35.0,156.0,1332.0,69.0,20.0,15.0,604.0,0.0,0.0,2.0,100.0,,,,,
T018,,,,,,,,,,,,51.0,26.0,7.0,73.0,2.0,14.0,49.0,319.0,12.0,6.0,6.0,152.0,0.0,0.0,1.0,2.0,100.0,,,
T020,,,,,,,,,,,,101.0,62.0,12.0,420.0,20.0,31.0,19.0,1076.0,61.0,31.0,25.0,423.0,0.0,2.0,4.0,100.0,,,,
T021,,,,,,,,,,,,7.0,29.0,35.0,7.0,9.0,54.0,890.0,5.0,4.0,19.0,29.0,0.0,1.0,100.0,,,,,,
T022,,,,,,,,,,,,0.0,100.0,,,,,,,,,,,,,,,,,,
T024,,,,,,,,,,,,207.0,72.0,9.0,502.0,8.0,39.0,246.0,17588.0,68.0,28.0,32.0,345.0,0.0,0.0,5.0,100.0,,,,
T026,"| Lenteja común, cruda '",Semilla,126.0,387.0,1634.0,231.0,9.0,610.0,397.0,213.0,24.0,,,,,,,,,,,,,,,,,,,,
T029,,,,,,,,,,,,55.0,18.0,6.0,410.0,190.0,33.0,181.0,709.0,18.0,12.0,170.0,68.0,0.0,0.0,0.0,0.0,98.0,,,
T050,,,,,,,,,,,,263.0,839.0,4.0,6.0,100.0,44.0,266.0,1830.0,77.0,75.0,20.0,373.0,0.0,3.0,2.0,100.0,,,,
T052,,,,,,,,,,,,191.0,1.2,7.0,24.0,10.0,18.0,35.0,193.0,5.0,14.0,5.0,29.0,151.0,0.0,2.0,100.0,,,,
X008,"Caramelos o confites, duros",,7.2,369.0,1569.0,0.0,0.0,923.0,92.3,0.0,0.5,,,,,,,,,,,,,,,,,,,,
X014,"Cocadas, con panela 60 417 | 1760 1,6 8,2 824 |",,78.8,3.6,18.0,,,,,,,,,,,,,,,,,,,,,,,,,,
X020,Gelatina de pata,,18.5,324.0,1375.0,7.4,0.0,73.5,0.6,,,,,,,,,,,,,,,,,,,,,,
X024,Helado de leche,,84.5,63.0,266.0,0.4,2.0,148.0,148.0,0.0,0.1,,,,,,,,,,,,,,,,,,,,
